image,text_a,text_b,label,label_name
IMG_0629.jpeg,5,B R 330 E5 1955 7 v.,2,Out_of_Order
IMG_0629.jpeg,B R 330 E5 1955 7 v.,BR 350 E5 1955,0,In_Order
IMG_0629.jpeg,BR 350 E5 1955,BR 330 E5 1955,1,Duplicate
IMG_0629.jpeg,BR 330 E5 1955,BR 330 E5 1955 v.10,2,Out_of_Order
IMG_0629.jpeg,BR 330 E5 1955 v.10,BR 330 E5 1955 v.11,0,In_Order
IMG_0629.jpeg,BR 330 E5 1955 v.11,BR 330 E5 1955,0,In_Order
IMG_0629.jpeg,BR 330 E5 1955,BR 330,0,In_Order
IMG_0629.jpeg,BR 330,BR 330 E5 1955,2,Out_of_Order
IMG_0630.jpeg,BR 330 E5 1955,BR 330 E5 155,1,Duplicate
IMG_0630.jpeg,BR 330 E5 155,BR 330 E5 1955,1,Duplicate
IMG_0630.jpeg,BR 330 E5 1955,BR 330 E5 1955 V.15,2,Out_of_Order
IMG_0630.jpeg,BR 330 E5 1955 V.15,BR 330 E5 1955 v.16,0,In_Order
IMG_0630.jpeg,BR 330 E5 1955 v.16,BR 330 E5 1955 V.17,0,In_Order
IMG_0630.jpeg,BR 330 E5 1955 V.17,BR 330 E5 1955 V.18,0,In_Order
IMG_0630.jpeg,BR 330 E5 1955 V.18,BR 330 E5 1955 V.19,0,In_Order
IMG_0630.jpeg,BR 330 E5 1955 V.19,BR 330 E5 1955 V.20,0,In_Order
IMG_0630.jpeg,BR 330 E5 1955 V.20,AME,0,In_Order
IMG_0631.jpeg,BR 330 E5 1955 V.18,BR 330 E5 1955 19 V.,2,Out_of_Order
IMG_0631.jpeg,BR 330 E5 1955 19 V.,BR 330 E5 1955 V.20,0,In_Order
IMG_0631.jpeg,BR 330 E5 1955 V.20,BR 330 E5 1955,2,Out_of_Order
IMG_0631.jpeg,BR 330 E5 1955,BR 330 E5 1955,1,Duplicate
IMG_0631.jpeg,BR 330 E5 1955,BR 330 E5 1955,1,Duplicate
IMG_0631.jpeg,BR 330 E5 1955,B! R 5,0,In_Order
IMG_0631.jpeg,B! R 5,BR 330 E5 1955 V.25,1,Duplicate
IMG_0632.jpeg,08 66,OLIN BV 4208 .G7 T44X 1995,2,Out_of_Order
IMG_0632.jpeg,OLIN BV 4208 .G7 T44X 1995,OLIN BV 4208 .G7 W32 2002,0,In_Order
IMG_0632.jpeg,OLIN BV 4208 .G7 W32 2002,OLIN BV 4208 H9 L85 1994z,0,In_Order
IMG_0632.jpeg,OLIN BV 4208 H9 L85 1994z,OLIN BV 4208 .17 I75z 2001,2,Out_of_Order
IMG_0632.jpeg,OLIN BV 4208 .17 I75z 2001,BV 4208 18A78,0,In_Order
IMG_0632.jpeg,BV 4208 18A78,BV 4208 18 B11,0,In_Order
IMG_0632.jpeg,BV 4208 18 B11,OLIN BV 4208 .I8 B659x 2002,0,In_Order
IMG_0632.jpeg,OLIN BV 4208 .I8 B659x 2002,OLIN BV 4208 .18 C66X 1995,2,Out_of_Order
IMG_0632.jpeg,OLIN BV 4208 .18 C66X 1995,OLIN BV 4208 .18 L48 2001,0,In_Order
IMG_0632.jpeg,OLIN BV 4208 .18 L48 2001,BV 4208 18 L63 1989,2,Out_of_Order
IMG_0632.jpeg,BV 4208 18 L63 1989,OLIN BU 4208 .18 M35x 1995,0,In_Order
IMG_0632.jpeg,OLIN BU 4208 .18 M35x 1995,BV 4208 I8 054,0,In_Order
IMG_0632.jpeg,BV 4208 I8 054,OLIN BV 4208 .18 P79x 2000,0,In_Order
IMG_0632.jpeg,OLIN BV 4208 .18 P79x 2000,OO,0,In_Order
IMG_0633.jpeg,OLIN BV 4208 .18 L48 2001,BV 4208 18 L63 1989,2,Out_of_Order
IMG_0633.jpeg,BV 4208 18 L63 1989,OLIN BV 4208 .18 M35x 1995,0,In_Order
IMG_0633.jpeg,OLIN BV 4208 .18 M35x 1995,BV 4208 I8 054,0,In_Order
IMG_0633.jpeg,BV 4208 I8 054,OLIN BV 4208 .18 P79x 2000,0,In_Order
IMG_0633.jpeg,OLIN BV 4208 .18 P79x 2000,OLIN BV 4208 .18 S73 2003,0,In_Order
IMG_0633.jpeg,OLIN BV 4208 .18 S73 2003,BV 4208 18 T48X 1992,0,In_Order
IMG_0633.jpeg,BV 4208 18 T48X 1992,OLIN BV 4208 .M6 P474 2011,0,In_Order
IMG_0633.jpeg,OLIN BV 4208 .M6 P474 2011,OLIN BV 4208 .N4 B67x 1997,0,In_Order
IMG_0633.jpeg,OLIN BV 4208 .N4 B67x 1997,OLIN BV 4208 .N4 S3413 2008,0,In_Order
IMG_0633.jpeg,OLIN BV 4208 .N4 S3413 2008,OLIN BV 4208 .S6 C37 1994,0,In_Order
IMG_0633.jpeg,OLIN BV 4208 .S6 C37 1994,OLIN B1 4208 56 G37 20 024,2,Out_of_Order
IMG_0633.jpeg,OLIN B1 4208 56 G37 20 024,BV 20 S 6 S 6 78,0,In_Order
IMG_0634.jpeg,8 7,OLIN BV 4208 .N4 S3413 2008,2,Out_of_Order
IMG_0634.jpeg,OLIN BV 4208 .N4 S3413 2008,OLIN BV 4208 .S6 C37 1994,0,In_Order
IMG_0634.jpeg,OLIN BV 4208 .S6 C37 1994,OLIN BV 4208 37 2024,0,In_Order
IMG_0634.jpeg,OLIN BV 4208 37 2024,BV 4208 S6 S64 1978,0,In_Order
IMG_0634.jpeg,BV 4208 S6 S64 1978,OLIN BV 4208 .S7 H477 1996z,0,In_Order
IMG_0634.jpeg,OLIN BV 4208 .S7 H477 1996z,OLIN BV 4208 .S8 J640x 1994,0,In_Order
IMG_0634.jpeg,OLIN BV 4208 .S8 J640x 1994,OLIN BV 4208 .U6 B74X 1998,0,In_Order
IMG_0634.jpeg,OLIN BV 4208 .U6 B74X 1998,OLIN BV 4208 .U6 C47X 2001,0,In_Order
IMG_0634.jpeg,OLIN BV 4208 .U6 C47X 2001,OLIN BV 4208 .U6 C48x 1999,0,In_Order
IMG_0635.jpeg,3V 42 G3 C95 c.2,OLIN BV 4208 G3 F79 2010,0,In_Order
IMG_0635.jpeg,OLIN BV 4208 G3 F79 2010,OLIN BV 4208 .G3 G75z 2002,2,Out_of_Order
IMG_0635.jpeg,OLIN BV 4208 .G3 G75z 2002,OLIN BV 4208 .G3 H64X 1993,2,Out_of_Order
IMG_0635.jpeg,OLIN BV 4208 .G3 H64X 1993,BY 4208 G3 K77,0,In_Order
IMG_0635.jpeg,BY 4208 G3 K77,K 4208 G3K7,1,Duplicate
IMG_0635.jpeg,K 4208 G3K7,BV 4208 G3 L75 1969,2,Out_of_Order
IMG_0635.jpeg,BV 4208 G3 L75 1969,4207 C47,2,Out_of_Order
IMG_0635.jpeg,4207 C47,OLIN BV 4208 .G3 M47 2010,2,Out_of_Order
IMG_0636.jpeg,BV 4208 G3K77 乙,BV 4208 G3 L75 1969,2,Out_of_Order
IMG_0636.jpeg,BV 4208 G3 L75 1969,B 4207 C47,2,Out_of_Order
IMG_0636.jpeg,B 4207 C47,OLIN BV 4208 G3 M47 2010,0,In_Order
IMG_0636.jpeg,OLIN BV 4208 G3 M47 2010,OLIN BV 4208 .G3 S27 1996z,0,In_Order
IMG_0636.jpeg,OLIN BV 4208 .G3 S27 1996z,OLIN BV 4208 .G3 S66 2006,0,In_Order
IMG_0636.jpeg,OLIN BV 4208 .G3 S66 2006,OLIN BV 4208 .G3 W47 2020,0,In_Order
IMG_0636.jpeg,OLIN BV 4208 .G3 W47 2020,BV 4208 G7 B64,0,In_Order
IMG_0636.jpeg,BV 4208 G7 B64,208 7 25,0,In_Order
IMG_0636.jpeg,208 7 25,OLIN BV 4208 .G7 D35x 1995,2,Out_of_Order
IMG_0637.jpeg,LIN BV 4208 G3 S66 2006,OLIN BV 4208 .G3 W47 2020,0,In_Order
IMG_0637.jpeg,OLIN BV 4208 .G3 W47 2020,BV 4208 G7 B64,0,In_Order
IMG_0637.jpeg,BV 4208 G7 B64,BV 4208 G7 D25,0,In_Order
IMG_0637.jpeg,BV 4208 G7 D25,OLIN BV 4208 .G7 D35x 1995,2,Out_of_Order
IMG_0637.jpeg,OLIN BV 4208 .G7 D35x 1995,OLIN B V 4: 2G 8 7 E1 4 4 X 9 9 8,0,In_Order
IMG_0637.jpeg,OLIN B V 4: 2G 8 7 E1 4 4 X 9 9 8,OLIN BV 4208 .G7 E54X 2000,2,Out_of_Order
IMG_0637.jpeg,OLIN BV 4208 .G7 E54X 2000,OLIN BV 4208 .G7 F54 2009,0,In_Order
IMG_0637.jpeg,OLIN BV 4208 .G7 F54 2009,BV 4208,0,In_Order
IMG_0637.jpeg,BV 4208,BV 4208 G7 019,2,Out_of_Order
IMG_0638.jpeg,OLIN BX 1622 .Q47 2013 v.7,OLIN BX 1622 S26 2010,0,In_Order
IMG_0638.jpeg,OLIN BX 1622 S26 2010,OLIN BX 1625 .H36 2017,2,Out_of_Order
IMG_0638.jpeg,OLIN BX 1625 .H36 2017,OLIN BX 1628 G67 2005,0,In_Order
IMG_0638.jpeg,OLIN BX 1628 G67 2005,S,0,In_Order
IMG_0638.jpeg,S,BX 1628 R74 1987,2,Out_of_Order
IMG_0638.jpeg,BX 1628 R74 1987,OLIN BX 1628 .V38 2004,0,In_Order
IMG_0639.jpeg,LIN X 625 H36 2017,OLIN BX 1628 G67 2005,2,Out_of_Order
IMG_0639.jpeg,OLIN BX 1628 G67 2005,BX 1628 R74 1987,0,In_Order
IMG_0639.jpeg,BX 1628 R74 1987,OLIN BX 1628 .V38 2004,0,In_Order
IMG_0639.jpeg,OLIN BX 1628 .V38 2004,OLIN BX 1629 .175 B53 2005,0,In_Order
IMG_0639.jpeg,OLIN BX 1629 .175 B53 2005,OLIN BX 1629 75 B53156 2006,0,In_Order
IMG_0639.jpeg,OLIN BX 1629 75 B53156 2006,OLIN BX 1630 .3 .K35W 1995,0,In_Order
IMG_0639.jpeg,OLIN BX 1630 .3 .K35W 1995,BX 1630 3 K45,0,In_Order
IMG_0640.jpeg,OLIN BX 1629 I75 B53 2005,OLIN BX 1629 75 B53156 2006,0,In_Order
IMG_0640.jpeg,OLIN BX 1629 75 B53156 2006,OLIN BX 1630 .3 .K35W 1995,0,In_Order
IMG_0640.jpeg,OLIN BX 1630 .3 .K35W 1995,BX 1630 3 K45,0,In_Order
IMG_0640.jpeg,BX 1630 3 K45,OLIN BX 1634 .A2 P54 2017,2,Out_of_Order
IMG_0640.jpeg,OLIN BX 1634 .A2 P54 2017,OLIN BX 1644 .2 .G63 G87 2014,0,In_Order
IMG_0640.jpeg,OLIN BX 1644 .2 .G63 G87 2014,OLIN BX 1644 2 M34 M33 1997,0,In_Order
IMG_0640.jpeg,OLIN BX 1644 2 M34 M33 1997,OLIN BX1646 .A53X 1990,2,Out_of_Order
IMG_0640.jpeg,OLIN BX1646 .A53X 1990,BX 1646 P43,0,In_Order
IMG_0640.jpeg,BX 1646 P43,PERERA,2,Out_of_Order
IMG_0640.jpeg,PERERA,OLI BX 1657 A45 1998 CSIC,1,Duplicate
IMG_0641.jpeg,N 44 134 83 997,OLIN BX1646 .A53X 1990,2,Out_of_Order
IMG_0641.jpeg,OLIN BX1646 .A53X 1990,BX 1646 P43,0,In_Order
IMG_0641.jpeg,BX 1646 P43,OLIN BX 1657 A45X 1998,2,Out_of_Order
IMG_0641.jpeg,OLIN BX 1657 A45X 1998,OLIN BX 1665 .Y68 2013,0,In_Order
IMG_0641.jpeg,OLIN BX 1665 .Y68 2013,OLIN BX 1666 .M35 C63 2006,2,Out_of_Order
IMG_0641.jpeg,OLIN BX 1666 .M35 C63 2006,OLIN BX 1675 .A1 A35X 1996,2,Out_of_Order
IMG_0641.jpeg,OLIN BX 1675 .A1 A35X 1996,OLIN BX 1675 .A1 C38X 1994,2,Out_of_Order
IMG_1621.jpeg,OLIN BR 67 .I61 1999 V.4 PEETERS,OLIN BR 67 .I61 1999 v.5,0,In_Order
IMG_1621.jpeg,OLIN BR 67 .I61 1999 v.5,OLIN BR 67 .161 2003 v.1,0,In_Order
IMG_1621.jpeg,OLIN BR 67 .161 2003 v.1,OLIN BR 67 161 2003 V.2,0,In_Order
IMG_1621.jpeg,OLIN BR 67 161 2003 V.2,OLIN BR 67 .161 2003 V.3,0,In_Order
IMG_1621.jpeg,OLIN BR 67 .161 2003 V.3,OLIN BR 67 .161 2003 v.4,0,In_Order
IMG_1621.jpeg,OLIN BR 67 .161 2003 v.4,OLIN BR 67 .161 2003 v.5,0,In_Order
IMG_1621.jpeg,OLIN BR 67 .161 2003 v.5,OLIN BR 67 .161 2007 V.1,0,In_Order
IMG_1621.jpeg,OLIN BR 67 .161 2007 V.1,OLIN BR 67 .161 2007 v.2,0,In_Order
IMG_1621.jpeg,OLIN BR 67 .161 2007 v.2,OLIN BR 67 .161 2007 v.3,0,In_Order
IMG_1621.jpeg,OLIN BR 67 .161 2007 v.3,OLIN BR 67 161 2007 v.4,0,In_Order
IMG_1621.jpeg,OLIN BR 67 161 2007 v.4,OLIN BR 67 .161 2007 v.5,0,In_Order
IMG_1621.jpeg,OLIN BR 67 .161 2007 v.5,OLIN BR 67 .161 2007 v.6,0,In_Order
IMG_1622.jpeg,BR 85 D42 1854,BR 85 D84,0,In_Order
IMG_1622.jpeg,BR 85 D84,BR 85 D84 V5,1,Duplicate
IMG_1622.jpeg,BR 85 D84 V5,BR 85 F54 1968,0,In_Order
IMG_1622.jpeg,BR 85 F54 1968,BR 85 F78 1983 V.4,2,Out_of_Order
IMG_1622.jpeg,BR 85 F78 1983 V.4,BR 85 F78 1983 V.5,0,In_Order
IMG_1622.jpeg,BR 85 F78 1983 V.5,BR 85 F78 1983 V.6,0,In_Order
IMG_1622.jpeg,BR 85 F78 1983 V.6,BR 85 F78 1983 t.7,0,In_Order
IMG_1622.jpeg,BR 85 F78 1983 t.7,B8F1 R5 78 983 V 8,0,In_Order
IMG_1622.jpeg,B8F1 R5 78 983 V 8,EKAOLEIE ANOE 42819196 473616424,0,In_Order
IMG_1622.jpeg,EKAOLEIE ANOE 42819196 473616424,BR 85 F78 1983 V.9,0,In_Order
IMG_1623.jpeg,B BR D42 1854,BR 85 D84,0,In_Order
IMG_1623.jpeg,BR 85 D84,Flew B,0,In_Order
IMG_1623.jpeg,Flew B,BR 85 D84 V5,2,Out_of_Order
IMG_1623.jpeg,BR 85 D84 V5,BR 85 F54 1968,0,In_Order
IMG_1623.jpeg,BR 85 F54 1968,BR 85 F78 1983 V.4,2,Out_of_Order
IMG_1623.jpeg,BR 85 F78 1983 V.4,BR 85 F78 1983 V.5,0,In_Order
IMG_1623.jpeg,BR 85 F78 1983 V.5,BR 85 F78 1983 V.6,0,In_Order
IMG_1623.jpeg,BR 85 F78 1983 V.6,BR 85 F78 1983 t.7,0,In_Order
IMG_1623.jpeg,BR 85 F78 1983 t.7,R5 1983 V 8,0,In_Order
IMG_1623.jpeg,R5 1983 V 8,AOLEIT NOL 20191 58I&AIA,2,Out_of_Order
IMG_1623.jpeg,AOLEIT NOL 20191 58I&AIA,BR 85 F78 1983 V.9,2,Out_of_Order
IMG_1624.jpeg,OLIN BR 67 .N68X 1998,OLIN BR 67 .067 2024,2,Out_of_Order
IMG_1624.jpeg,OLIN BR 67 .067 2024,BR 67 084X 1993,2,Out_of_Order
IMG_1624.jpeg,BR 67 084X 1993,OLIN BR 67 P342 2004,0,In_Order
IMG_1624.jpeg,OLIN BR 67 P342 2004,OLIN BR 67 .P35Z 1994,0,In_Order
IMG_1624.jpeg,OLIN BR 67 .P35Z 1994,OLIN BR 67 .P372 2015,0,In_Order
IMG_1624.jpeg,OLIN BR 67 .P372 2015,OLIN BR 67 P38 2006,2,Out_of_Order
IMG_1624.jpeg,OLIN BR 67 P38 2006,OLIN BR 67 P38 2010,0,In_Order
IMG_1624.jpeg,OLIN BR 67 P38 2010,LeoS. Olschki,1,Duplicate
IMG_1624.jpeg,LeoS. Olschki,OLIN BR 67 .P45X 1993,1,Duplicate
IMG_1624.jpeg,OLIN BR 67 .P45X 1993,BRAPAAEMNIPIER EALANAAUURY,0,In_Order
IMG_1624.jpeg,BRAPAAEMNIPIER EALANAAUURY,OLIN BR 67 .P454X 1997,2,Out_of_Order
IMG_1625.jpeg,8R1515 1962,BR 115 H5 B982,2,Out_of_Order
IMG_1625.jpeg,BR 115 H5 B982,BR155C,0,In_Order
IMG_1625.jpeg,BR155C,BR 115 H5 C58x 1990,2,Out_of_Order
IMG_1625.jpeg,BR 115 H5 C58x 1990,OLIN BR 115 .H5 C59 2010,0,In_Order
IMG_1625.jpeg,OLIN BR 115 .H5 C59 2010,90000 S84 0-8298-0944-9,2,Out_of_Order
IMG_1625.jpeg,90000 S84 0-8298-0944-9,R1515 C7,0,In_Order
IMG_1625.jpeg,R1515 C7,BR 115 H5 C75,0,In_Order
IMG_1626.jpeg,OLIN BR 63 .T42 2002,OLIN BR 63 T47 2013,0,In_Order
IMG_1626.jpeg,OLIN BR 63 T47 2013,OLIN BR 63 .U66z 1991,0,In_Order
IMG_1626.jpeg,OLIN BR 63 .U66z 1991,BR 63 W94 192,0,In_Order
IMG_1626.jpeg,BR 63 W94 192,BP 63 Y45 M47x 1993,2,Out_of_Order
IMG_1626.jpeg,BP 63 Y45 M47x 1993,OLIN BR 65 .A2763 E6534 2011,0,In_Order
IMG_1626.jpeg,OLIN BR 65 .A2763 E6534 2011,OLIN BR 65 A2766 W35 2006,0,In_Order
IMG_1626.jpeg,OLIN BR 65 A2766 W35 2006,OLIN BR 65 .A31 I8 1977 V.22z,2,Out_of_Order
IMG_1626.jpeg,OLIN BR 65 .A31 I8 1977 V.22z,OLIN BR 65 .A31z 1977 V.27,0,In_Order
IMG_1626.jpeg,OLIN BR 65 .A31z 1977 V.27,OLIN BR 65 .A312 G47 2020,2,Out_of_Order
IMG_1626.jpeg,OLIN BR 65 .A312 G47 2020,OLIN BR 65 .A313 D3413 2005 T.1,0,In_Order
IMG_1626.jpeg,OLIN BR 65 .A313 D3413 2005 T.1,OLIN BR 65 .A313 D3413 2005 T.2,0,In_Order
IMG_1627.jpeg,OLIN BR 65 .C86 S43X 1993,OLIN BR 65 .C886 H66x 2001,2,Out_of_Order
IMG_1627.jpeg,OLIN BR 65 .C886 H66x 2001,OLIN BR 65 .C933 C47x 1999,0,In_Order
IMG_1627.jpeg,OLIN BR 65 .C933 C47x 1999,OLIN BR 65 C936 B76 2013,0,In_Order
IMG_1627.jpeg,OLIN BR 65 C936 B76 2013,OLIN BR 65 .C95 2016 v.1 pt.1,2,Out_of_Order
IMG_1627.jpeg,OLIN BR 65 .C95 2016 v.1 pt.1,OLIN BR 65 C95 2016 v.1 pt.2,0,In_Order
IMG_1627.jpeg,OLIN BR 65 C95 2016 v.1 pt.2,OLIN BR 65 C952 E5 2013,0,In_Order
IMG_1627.jpeg,OLIN BR 65 C952 E5 2013,ST.CYRIL OFALEX ANDRIA THREE CHRISTO LOGICAL TREATISES,0,In_Order
IMG_1627.jpeg,ST.CYRIL OFALEX ANDRIA THREE CHRISTO LOGICAL TREATISES,OL IN BR 65 .C952 E5x 2000,2,Out_of_Order
IMG_1627.jpeg,OL IN BR 65 .C952 E5x 2000,OLIN BR 65 C953 C6615 2023 Bd.1,0,In_Order
IMG_1627.jpeg,OLIN BR 65 C953 C6615 2023 Bd.1,OLIN BR 65 C953 C6615 2023 Bd.2,0,In_Order
IMG_1627.jpeg,OLIN BR 65 C953 C6615 2023 Bd.2,OLIN BR 65 .C953 D433 2021 v.1,2,Out_of_Order
IMG_1627.jpeg,OLIN BR 65 .C953 D433 2021 v.1,OLIN BR 65 .C956 C73 2014,0,In_Order
IMG_1627.jpeg,OLIN BR 65 .C956 C73 2014,OLIN BR 65 .C956 D45 2006,0,In_Order
IMG_1628.jpeg,OLIN BR 749 .B452z 1999 v.1,OLIN BR 749 .B53 2005,0,In_Order
IMG_1628.jpeg,OLIN BR 749 .B53 2005,OLIN BR 749 .B55 2014,0,In_Order
IMG_1628.jpeg,OLIN BR 749 .B55 2014,OLIN BR 749 C38x 1999,0,In_Order
IMG_1628.jpeg,OLIN BR 749 C38x 1999,OLIN BR 749 .C48x 2000 v.1,0,In_Order
IMG_1628.jpeg,OLIN BR 749 .C48x 2000 v.1,OLIN BR 749 .C48x 2000 v.2,0,In_Order
IMG_1628.jpeg,OLIN BR 749 .C48x 2000 v.2,OLIN BR 749 .C83x 1995,0,In_Order
IMG_1628.jpeg,OLIN BR 749 .C83x 1995,OLIN BR 749 .E3x 1971,0,In_Order
IMG_1628.jpeg,OLIN BR 749 .E3x 1971,OLIN BR 749 .G46 2009,0,In_Order
IMG_1628.jpeg,OLIN BR 749 .G46 2009,OLIN BR 749 .G53 2007,2,Out_of_Order
IMG_1628.jpeg,OLIN BR 749 .G53 2007,BR 749 G58,0,In_Order
IMG_1628.jpeg,BR 749 G58,OLIN BR 749 .H47 2002,2,Out_of_Order
IMG_1629.jpeg,OLIN BR 750 .B87 2012,BR 750 C23 C.2,0,In_Order
IMG_1629.jpeg,BR 750 C23 C.2,OLIN BR 750 .C45z 2000,0,In_Order
IMG_1629.jpeg,OLIN BR 750 .C45z 2000,OLIN BR 750 .C474 2025,0,In_Order
IMG_1629.jpeg,OLIN BR 750 .C474 2025,OLIN BR 750 C51 F9,0,In_Order
IMG_1629.jpeg,OLIN BR 750 C51 F9,BR 750 C51 M4,0,In_Order
IMG_1629.jpeg,BR 750 C51 M4,OLIN BR 750 .C51 P2 1982,0,In_Order
IMG_1629.jpeg,OLIN BR 750 .C51 P2 1982,BR 750 D41,0,In_Order
IMG_1629.jpeg,BR 750 D41,BR 750 E26 1967,0,In_Order
IMG_1629.jpeg,BR 750 E26 1967,OLIN BR 750 .E54X 1999,2,Out_of_Order
IMG_1629.jpeg,OLIN BR 750 .E54X 1999,OLIN BR 750 E541,0,In_Order
IMG_1630.jpeg,0 73 74,BS 410 F73 5,0,In_Order
IMG_1630.jpeg,BS 410 F73 5,BS 410 F73 no.76,2,Out_of_Order
IMG_1630.jpeg,BS 410 F73 no.76,BS 410 F73 no.79,0,In_Order
IMG_1630.jpeg,BS 410 F73 no.79,BS 410 F73 no.123,0,In_Order
IMG_1630.jpeg,BS 410 F73 no.123,BS 410 F73 no.129,0,In_Order
IMG_1630.jpeg,BS 410 F73 no.129,BS 410 F73 no.130 v.2,0,In_Order
IMG_1630.jpeg,BS 410 F73 no.130 v.2,OLIN BS 410 F73 no.157,0,In_Order
IMG_1630.jpeg,OLIN BS 410 F73 no.157,OLIN BS 410 .F73 158. Heft,2,Out_of_Order
IMG_1630.jpeg,OLIN BS 410 .F73 158. Heft,OLIN BS 410 .F73 .160z,0,In_Order
IMG_1630.jpeg,OLIN BS 410 .F73 .160z,DLIN 3S 110 F73 o.161,2,Out_of_Order
IMG_1631.jpeg,OLIN BS 1235 .2 .L39X 1995,OLIN BS 1235 .2 .L553X 1999,0,In_Order
IMG_1631.jpeg,OLIN BS 1235 .2 .L553X 1999,OLIN BS 1235 .2 .L56 2005,0,In_Order
IMG_1631.jpeg,OLIN BS 1235 .2 .L56 2005,OLIN BS 1235 .2 .L67 1968,0,In_Order
IMG_1631.jpeg,OLIN BS 1235 .2 .L67 1968,BS 1235 2 L69,0,In_Order
IMG_1631.jpeg,BS 1235 2 L69,BS 1235 .2 L84,2,Out_of_Order
IMG_1631.jpeg,BS 1235 .2 L84,OLIN BS 1235 .2 .M33W 1996,2,Out_of_Order
IMG_1631.jpeg,OLIN BS 1235 .2 .M33W 1996,OLIN BS 1235 .2 .M67x 2000,0,In_Order
IMG_1631.jpeg,OLIN BS 1235 .2 .M67x 2000,BS 1235 .2 M82 1962,2,Out_of_Order
IMG_1631.jpeg,BS 1235 .2 M82 1962,OLIN BS 1235 .2 .M68X 1996,2,Out_of_Order
IMG_1631.jpeg,OLIN BS 1235 .2 .M68X 1996,OLIN BS 1235 .2 .N38 1997z,0,In_Order
IMG_1631.jpeg,OLIN BS 1235 .2 .N38 1997z,BS 1235 2 027,0,In_Order
IMG_1632.jpeg,BS 2825 .5 C71 1976,OLIN ICE BS 2825 5 075 1999,0,In_Order
IMG_1632.jpeg,OLIN ICE BS 2825 5 075 1999,OLIN BS 2825 52 .A45 2017,0,In_Order
IMG_1632.jpeg,OLIN BS 2825 52 .A45 2017,LIN BS 2825 52 A96 006x,0,In_Order
IMG_1632.jpeg,LIN BS 2825 52 A96 006x,OLIN BS 2825 .52 .A78 2019,2,Out_of_Order
IMG_1632.jpeg,OLIN BS 2825 .52 .A78 2019,OLIN BS 2825 .52 .B43 2018,2,Out_of_Order
IMG_1632.jpeg,OLIN BS 2825 .52 .B43 2018,OLIN BS 2825 .52 .B474 2018,1,Duplicate
IMG_1632.jpeg,OLIN BS 2825 .52 .B474 2018,OLIN BS 2825 52 .B53x 2001,0,In_Order
IMG_1632.jpeg,OLIN BS 2825 52 .B53x 2001,BARCLAY,1,Duplicate
IMG_1632.jpeg,BARCLAY,OLIN BS 2825 .52 B54 2004,2,Out_of_Order
IMG_1632.jpeg,OLIN BS 2825 .52 B54 2004,OLIN BS 2825 .52 .B646 2016,0,In_Order
IMG_1632.jpeg,OLIN BS 2825 .52 .B646 2016,OLIN BS 2825 .52 .B647 2015,2,Out_of_Order
IMG_1632.jpeg,OLIN BS 2825 .52 .B647 2015,OLIN BS 2825 .52 .C46 2016,0,In_Order
IMG_1632.jpeg,OLIN BS 2825 .52 .C46 2016,OLIN BS 2825 .52 .C68 2009,2,Out_of_Order
IMG_1632.jpeg,OLIN BS 2825 .52 .C68 2009,OLIN BS 2825 52 .C74 2014,0,In_Order
IMG_1632.jpeg,OLIN BS 2825 52 .C74 2014,OLIN BS 2825 .52 D445 2015,0,In_Order
IMG_1632.jpeg,OLIN BS 2825 .52 D445 2015,OLSO FIREN MMV,0,In_Order
IMG_1633.jpeg,BX 5620 S89,BX 562( S89 A25 1969,2,Out_of_Order
IMG_1633.jpeg,BX 562( S89 A25 1969,BX 5620 S89 F62,0,In_Order
IMG_1633.jpeg,BX 5620 S89 F62,OLIN BX 5640 .F5 H64 2016,2,Out_of_Order
IMG_1633.jpeg,OLIN BX 5640 .F5 H64 2016,OLIN BX 5680 .6 .L83x 1998,0,In_Order
IMG_1633.jpeg,OLIN BX 5680 .6 .L83x 1998,OLIN BX 5680 .6 .Z8 D441 2000,0,In_Order
IMG_1633.jpeg,OLIN BX 5680 .6 .Z8 D441 2000,OLIN BX 5691 .R95 C36 2022,0,In_Order
IMG_1633.jpeg,OLIN BX 5691 .R95 C36 2022,BX 5691 S7 H65,0,In_Order
IMG_1633.jpeg,BX 5691 S7 H65,BX 5700 C69 H65,2,Out_of_Order
IMG_1633.jpeg,BX 5700 C69 H65,BX 5700 G99 J12,0,In_Order
IMG_1633.jpeg,BX 5700 G99 J12,OLIN BX 5700 4 .A44 M37 2008,0,In_Order
IMG_1633.jpeg,OLIN BX 5700 4 .A44 M37 2008,Pamela Welch,2,Out_of_Order
IMG_1633.jpeg,Pamela Welch,CASS,0,In_Order
IMG_1633.jpeg,CASS,OLIN BX 5700 .55 .A4 S33x 2002,2,Out_of_Order
IMG_1634.jpeg,OLIN CT 3310 .B3X 1992,OLI CT 331 .B3 201,0,In_Order
IMG_1634.jpeg,OLI CT 331 .B3 201,OLIN CT 3310 .P54 2004,0,In_Order
IMG_1634.jpeg,OLIN CT 3310 .P54 2004,CT 3320 B18 1985,2,Out_of_Order
IMG_1634.jpeg,CT 3320 B18 1985,CT 3320 C86 1967,0,In_Order
IMG_1634.jpeg,CT 3320 C86 1967,CT 3320 E84,0,In_Order
IMG_1634.jpeg,CT 3320 E84,OLIN CT 3320 .F57 2005,0,In_Order
IMG_1634.jpeg,OLIN CT 3320 .F57 2005,CT 3320 G92 1928#,0,In_Order
IMG_1634.jpeg,CT 3320 G92 1928#,OLIN CT 3320 .H36 2003,0,In_Order
IMG_1634.jpeg,OLIN CT 3320 .H36 2003,CT 3320 J15 1963,0,In_Order
IMG_1634.jpeg,CT 3320 J15 1963,CT 3320 J52 1968,0,In_Order
IMG_1634.jpeg,CT 3320 J52 1968,OLIN CT 3320 .L48 1993,0,In_Order
IMG_1634.jpeg,OLIN CT 3320 .L48 1993,CT 3320 M45 1967,0,In_Order
IMG_1634.jpeg,CT 3320 M45 1967,CT 3320 M46,0,In_Order
IMG_1635.jpeg,OLIN D 767 .9 .B46 2009,OLIN D 767 .9 .B47X 1996,0,In_Order
IMG_1635.jpeg,OLIN D 767 .9 .B47X 1996,OLIN D 767 9 B73 2012,0,In_Order
IMG_1635.jpeg,OLIN D 767 9 B73 2012,OLIN D 767 .9 .B76X 1994,2,Out_of_Order
IMG_1635.jpeg,OLIN D 767 .9 .B76X 1994,OLIN D 767 .9 .C66 2014,0,In_Order
IMG_1635.jpeg,OLIN D 767 .9 .C66 2014,OLIN D 767 .9 .D86X 1998 V.1,2,Out_of_Order
IMG_1635.jpeg,OLIN D 767 .9 .D86X 1998 V.1,OLIN D 767 .9 .D86x 1998 V.2,0,In_Order
IMG_1635.jpeg,OLIN D 767 .9 .D86x 1998 V.2,OLIN D 767 .9 .F56 2011,0,In_Order
IMG_1635.jpeg,OLIN D 767 .9 .F56 2011,D 767 .9 H99,0,In_Order
IMG_1635.jpeg,D 767 .9 H99,OLIN D 767 .9 .J65x 1998,2,Out_of_Order
IMG_1636.jpeg,DA 122 N3 M25,DA 122 N3 W24,0,In_Order
IMG_1636.jpeg,DA 122 N3 W24,OLIN DA 123 .B75 2013 v.1,2,Out_of_Order
IMG_1636.jpeg,OLIN DA 123 .B75 2013 v.1,OLIN DA 123 .B75 2013 v.2,0,In_Order
IMG_1636.jpeg,OLIN DA 123 .B75 2013 v.2,OLIN DA 123 .B85 2016,0,In_Order
IMG_1636.jpeg,OLIN DA 123 .B85 2016,OLIN DA 123 .E47 2013,0,In_Order
IMG_1636.jpeg,OLIN DA 123 .E47 2013,OLIN DA 123 .S48 2010,0,In_Order
IMG_1636.jpeg,OLIN DA 123 .S48 2010,OLIN DA 125 .A1 A34 2021,0,In_Order
IMG_1636.jpeg,OLIN DA 125 .A1 A34 2021,DA 125 A1 A72,0,In_Order
IMG_1636.jpeg,DA 125 A1 A72,DA 125 A1 A75,0,In_Order
IMG_1637.jpeg,DA 880 A5 085,OLIN DA 880 .A6 A73 2004,0,In_Order
IMG_1637.jpeg,OLIN DA 880 .A6 A73 2004,OLIN DA 880 .A6 C24 2018,2,Out_of_Order
IMG_1637.jpeg,OLIN DA 880 .A6 C24 2018,DA 880 A6 M! 3,0,In_Order
IMG_1637.jpeg,DA 880 A6 M! 3,OLIN DA 880 .A6 P34 2005,2,Out_of_Order
IMG_1637.jpeg,OLIN DA 880 .A6 P34 2005,OLIN DA 880 .A6 P35 2004,2,Out_of_Order
IMG_1637.jpeg,OLIN DA 880 .A6 P35 2004,DA 880 A6 T77,0,In_Order
IMG_1637.jpeg,DA 880 A6 T77,JOHN DONALD,0,In_Order
IMG_1637.jpeg,JOHN DONALD,OLIN DA 880 .A6 W58 2004,1,Duplicate
IMG_1637.jpeg,OLIN DA 880 .A6 W58 2004,DA 880 A7 M12 1970,0,In_Order
IMG_1637.jpeg,DA 880 A7 M12 1970,DA 880 A7 M12 1985,0,In_Order
IMG_1638.jpeg,OLIN BP 172 .185 V.45 2019,OLIN BP 172 .185 v.46 2020,0,In_Order
IMG_1638.jpeg,OLIN BP 172 .185 v.46 2020,TSH OLIN BP 172 .185 v.47 2021,0,In_Order
IMG_1638.jpeg,TSH OLIN BP 172 .185 v.47 2021,OLIN BP 172 .185 v.48 2022,0,In_Order
IMG_1638.jpeg,OLIN BP 172 .185 v.48 2022,OLIN BP 172 .185 v.49 2023,0,In_Order
IMG_1638.jpeg,OLIN BP 172 .185 v.49 2023,ISH OLIN BP 172 .185 v.50 2024,0,In_Order
IMG_1638.jpeg,ISH OLIN BP 172 .185 v.50 2024,OLIN BP 172 .186 2007,0,In_Order
IMG_1638.jpeg,OLIN BP 172 .186 2007,OLIN BP 172 .I857x 1998,2,Out_of_Order
IMG_1638.jpeg,OLIN BP 172 .I857x 1998,OLIN BP 172 .145x 2003,0,In_Order
IMG_1638.jpeg,OLIN BP 172 .145x 2003,OLIN BP 172 .J675 2014,0,In_Order
IMG_1638.jpeg,OLIN BP 172 .J675 2014,OLIN BP 172 .J68 2010,2,Out_of_Order
IMG_1639.jpeg,OLIN CB 88 -G37 2010,OLIN CB 203 E94 2019 Bd.1,2,Out_of_Order
IMG_1639.jpeg,OLIN CB 203 E94 2019 Bd.1,OLIN CB 203 E94 2019 Bd.2,0,In_Order
IMG_1639.jpeg,OLIN CB 203 E94 2019 Bd.2,OLIN 中中 CB 206 C97 1992,0,In_Order
IMG_1639.jpeg,OLIN 中中 CB 206 C97 1992,CB 213 N87++,0,In_Order
IMG_1639.jpeg,CB 213 N87++,OLIN CB 214 .155 2007 ++ 1. Teil,0,In_Order
IMG_1639.jpeg,OLIN CB 214 .155 2007 ++ 1. Teil,OLIN CB 214 .155 2007 ++ 2.Teil,0,In_Order
IMG_1639.jpeg,OLIN CB 214 .155 2007 ++ 2.Teil,OLIN CB 226 H578 19912,0,In_Order
IMG_1639.jpeg,OLIN CB 226 H578 19912,CB 213 N87+ 1980 X,2,Out_of_Order
IMG_1639.jpeg,CB 213 N87+ 1980 X,LIN B35 36 + 978- 982 ncomple,0,In_Order
IMG_1639.jpeg,LIN B35 36 + 978- 982 ncomple,OLIN CB 245 K35 2003,2,Out_of_Order
IMG_1639.jpeg,OLIN CB 245 K35 2003,OLIN CB 253 .C48 126,0,In_Order
IMG_1639.jpeg,OLIN CB 253 .C48 126,U3L+ Emor +,0,In_Order
IMG_1639.jpeg,U3L+ Emor +,CB 301 P63++,2,Out_of_Order
IMG_1640.jpeg,CD L040 A25++,CD 1040 A25++,1,Duplicate
IMG_1640.jpeg,CD 1040 A25++,CD 1040 A25++,1,Duplicate
IMG_1640.jpeg,CD 1040 A25++,CD 1040 A25++,1,Duplicate
IMG_1640.jpeg,CD 1040 A25++,1040 A25++,1,Duplicate
IMG_1640.jpeg,1040 A25++,CD 1040 A25++,1,Duplicate
IMG_1640.jpeg,CD 1040 A25++,CD 1040 A25++,1,Duplicate
IMG_1640.jpeg,CD 1040 A25++,CD 1040 A25++ v.21,1,Duplicate
IMG_1640.jpeg,CD 1040 A25++ v.21,CD 1040 A25+ v.22,0,In_Order
IMG_1640.jpeg,CD 1040 A25+ v.22,CD 1040 A25++ V.23,0,In_Order
IMG_1640.jpeg,CD 1040 A25++ V.23,CD 1040 A25++ V.24,0,In_Order
IMG_1640.jpeg,CD 1040 A25++ V.24,CD 1040 A25++ V.29,0,In_Order
IMG_1640.jpeg,CD 1040 A25++ V.29,++ CD 1040 A25 V.240,2,Out_of_Order
IMG_1641.jpeg,CD 1046 A32++ suppl. no.6 pt.6,"CD 1046 A32 ++ Suppl. no.6 pt,7",1,Duplicate
IMG_1641.jpeg,"CD 1046 A32 ++ Suppl. no.6 pt,7",CD 1046 A32++ Suppl V.6 no.8,0,In_Order
IMG_1641.jpeg,CD 1046 A32++ Suppl V.6 no.8,CD 1046 A32++ Suppl. no.6 V.9,0,In_Order
IMG_1641.jpeg,CD 1046 A32++ Suppl. no.6 V.9,CD 1046 A32++ suppl,1,Duplicate
IMG_1641.jpeg,CD 1046 A32++ suppl,CD 1046 A32++ suppl.,1,Duplicate
IMG_1641.jpeg,CD 1046 A32++ suppl.,CD 1046 A32++ Suppl. no.7 v.4,1,Duplicate
IMG_1641.jpeg,CD 1046 A32++ Suppl. no.7 v.4,CD 1046 A32++ suppl.,1,Duplicate
IMG_1641.jpeg,CD 1046 A32++ suppl.,CD 1046 A32++ suppl.,1,Duplicate
IMG_1641.jpeg,CD 1046 A32++ suppl.,CD 1046 A32++,1,Duplicate
IMG_1641.jpeg,CD 1046 A32++,CD 1046 A32++ supp,1,Duplicate
IMG_1641.jpeg,CD 1046 A32++ supp,CD 1046 A32++ Suppl no.11 V.2,1,Duplicate
IMG_1641.jpeg,CD 1046 A32++ Suppl no.11 V.2,CD 1046 A32++ Suppl no.x1 V.3,0,In_Order
IMG_1642.jpeg,OLIN + CJ 2580 .J95 1975 Bd.1,CJ 2683 D51+,0,In_Order
IMG_1642.jpeg,CJ 2683 D51+,% OLIN CJ 2683 S66x 1997 ++,0,In_Order
IMG_1642.jpeg,% OLIN CJ 2683 S66x 1997 ++,CJ 2688 S2 厂,0,In_Order
IMG_1642.jpeg,CJ 2688 S2 厂,OLIN C 2689 .M37 B746z 1996 ++,2,Out_of_Order
IMG_1642.jpeg,OLIN C 2689 .M37 B746z 1996 ++,OLIN CJ 2729 .M86 145 2007 ++,0,In_Order
IMG_1642.jpeg,OLIN CJ 2729 .M86 145 2007 ++,Daunssee eer,2,Out_of_Order
IMG_1642.jpeg,Daunssee eer,CJ 5569 T79++ V.18,0,In_Order
IMG_1642.jpeg,CJ 5569 T79++ V.18,CJ 5569 T79++ v.19,0,In_Order
IMG_1642.jpeg,CJ 5569 T79++ v.19,CJ 5569 T79++ V.20,0,In_Order
IMG_1642.jpeg,CJ 5569 T79++ V.20,CJ 5675 G57++ V.1,2,Out_of_Order
IMG_1642.jpeg,CJ 5675 G57++ V.1,OLIN ++ CJ 6032 H69z 1988 v.1,0,In_Order
IMG_1643.jpeg,83625,CJ 1309 M68+★,2,Out_of_Order
IMG_1643.jpeg,CJ 1309 M68+★,OLIN CJ 1347 M374 2011 ++,2,Out_of_Order
IMG_1643.jpeg,OLIN CJ 1347 M374 2011 ++,OLIN CJ 1361 H454 2017,2,Out_of_Order
IMG_1643.jpeg,OLIN CJ 1361 H454 2017,OLIN CJ 1363 .S353 2014 ++,0,In_Order
IMG_1643.jpeg,OLIN CJ 1363 .S353 2014 ++,OLIN CJ 1363 S56 2012 ++ v.2,2,Out_of_Order
IMG_1643.jpeg,OLIN CJ 1363 S56 2012 ++ v.2,OLIN CJ 1363 .S56 2012 ++ v.7,0,In_Order
IMG_1643.jpeg,OLIN CJ 1363 .S56 2012 ++ v.7,OLIN CJ 1375 .C35 2023 ++,0,In_Order
IMG_1643.jpeg,OLIN CJ 1375 .C35 2023 ++,OLIN CJ 1381 L85 2018,2,Out_of_Order
IMG_1643.jpeg,OLIN CJ 1381 L85 2018,DPH 512,0,In_Order
IMG_1643.jpeg,DPH 512,OLIN CJ 1621 .C65 2025 ++,2,Out_of_Order
IMG_1643.jpeg,OLIN CJ 1621 .C65 2025 ++,OLIN ++ CJ 1841 .M6 1993z,2,Out_of_Order
IMG_1643.jpeg,OLIN ++ CJ 1841 .M6 1993z,OLIN CJ 2326 .H69x 1998,0,In_Order
IMG_1643.jpeg,OLIN CJ 2326 .H69x 1998,OLIN CJ 2326 .193 2018 +,0,In_Order
IMG_1643.jpeg,OLIN CJ 2326 .193 2018 +,SYECU CORI CIEDAD N,2,Out_of_Order
IMG_1643.jpeg,SYECU CORI CIEDAD N,OLIN ++ CJ 2472 .E53 1993z v.2 pt.1,2,Out_of_Order
IMG_1643.jpeg,OLIN ++ CJ 2472 .E53 1993z v.2 pt.1,OLIN ++ CJ 2580 .J95 1975,0,In_Order
IMG_1643.jpeg,OLIN ++ CJ 2580 .J95 1975,CJ 2580 J95+ 1975 V.5,1,Duplicate
IMG_1644.jpeg,OLIN DR I .S945 Bd.33 2006,OLIN DR .S945 Bd.34 2004,2,Out_of_Order
IMG_1644.jpeg,OLIN DR .S945 Bd.34 2004,OLIN DR 1 S945 Bd.35 2005,0,In_Order
IMG_1644.jpeg,OLIN DR 1 S945 Bd.35 2005,OLIN DR 1 S945 Bd.36 2007,0,In_Order
IMG_1644.jpeg,OLIN DR 1 S945 Bd.36 2007,OLIN DR 1 S945 Bd.37 2008,0,In_Order
IMG_1644.jpeg,OLIN DR 1 S945 Bd.37 2008,OLIN DR 1 .S945 Bd.38 2011,0,In_Order
IMG_1644.jpeg,OLIN DR 1 .S945 Bd.38 2011,OLIN DR 1 .S945 Bd.39 2014,0,In_Order
IMG_1644.jpeg,OLIN DR 1 .S945 Bd.39 2014,OLIN DR 1 S945 Bd.40 2014,0,In_Order
IMG_1644.jpeg,OLIN DR 1 S945 Bd.40 2014,OLIN DR 1 .S945 Bd.41 2015,0,In_Order
IMG_1644.jpeg,OLIN DR 1 .S945 Bd.41 2015,OLIN DR 1 .S945 Bd.45 2020,0,In_Order
IMG_1644.jpeg,OLIN DR 1 .S945 Bd.45 2020,OLIN DR 1 .S945 Bd.46 2021,0,In_Order
IMG_1644.jpeg,OLIN DR 1 .S945 Bd.46 2021,OLIN DR L S945 od.47 2024,0,In_Order
IMG_1645.jpeg,R23 V17 1953,DR 23 V17 1953,1,Duplicate
IMG_1645.jpeg,DR 23 V17 1953,DR 23 V17 1953,1,Duplicate
IMG_1645.jpeg,DR 23 V17 1953,DR 23 V17 1953,1,Duplicate
IMG_1645.jpeg,DR 23 V17 1953,DR 23 Z92,0,In_Order
IMG_1645.jpeg,DR 23 Z92,OLIN DR 24 .B25 2015,2,Out_of_Order
IMG_1645.jpeg,OLIN DR 24 .B25 2015,OLIN DR 24 .B45 2009,2,Out_of_Order
IMG_1645.jpeg,OLIN DR 24 .B45 2009,OLIN DR 24 .B49 2016,0,In_Order
IMG_1645.jpeg,OLIN DR 24 .B49 2016,OLIN DR 24 .C43 2015,2,Out_of_Order
IMG_1645.jpeg,OLIN DR 24 .C43 2015,OLIN DR 24 .E75 2017,0,In_Order
IMG_1645.jpeg,OLIN DR 24 .E75 2017,OLIN DR 24 .E84 2003 v.1,2,Out_of_Order
IMG_1646.jpeg,OLIN DR 38 .15 .T37X 1998,OLIN DR 38 .2 .B35x 1998 v.1,0,In_Order
IMG_1646.jpeg,OLIN DR 38 .2 .B35x 1998 v.1,OLIN DR 38 .2 .B35x 1998 v.2,0,In_Order
IMG_1646.jpeg,OLIN DR 38 .2 .B35x 1998 v.2,OLIN DR 38 .2 .B35x 1998 v.3,0,In_Order
IMG_1646.jpeg,OLIN DR 38 .2 .B35x 1998 v.3,OLIN DR 38 .2 .B36 2004,0,In_Order
IMG_1646.jpeg,OLIN DR 38 .2 .B36 2004,OLIN DR 38 .2 .C37x 2002,2,Out_of_Order
IMG_1646.jpeg,OLIN DR 38 .2 .C37x 2002,OLIN DR 38 .2 C55 2018,2,Out_of_Order
IMG_1646.jpeg,OLIN DR 38 .2 C55 2018,13,2,Out_of_Order
IMG_1646.jpeg,13,OLIN DR 38 .2 .F76X 1999,2,Out_of_Order
IMG_1646.jpeg,OLIN DR 38 .2 .F76X 1999,OLIN DR 38 .2 .H38 2007,0,In_Order
IMG_1646.jpeg,OLIN DR 38 .2 .H38 2007,OLIN DR 38 .2 .157 2021,0,In_Order
IMG_1646.jpeg,OLIN DR 38 .2 .157 2021,OLIN DR 38 .2 .197 2007,2,Out_of_Order
IMG_1647.jpeg,DR 63 A1 18 V.5 1929,DR 63 11 8 V .6 930,2,Out_of_Order
IMG_1647.jpeg,DR 63 11 8 V .6 930,DR 63 A1 A18 V.7 1932,0,In_Order
IMG_1647.jpeg,DR 63 A1 A18 V.7 1932,DR 63 A1 18 V.8 933,0,In_Order
IMG_1647.jpeg,DR 63 A1 18 V.8 933,DR 63 A1 18 V.9 1934,0,In_Order
IMG_1647.jpeg,DR 63 A1 18 V.9 1934,DR 63 1 18 V.10 1935,0,In_Order
IMG_1647.jpeg,DR 63 1 18 V.10 1935,DR 63 1 18 V. .11 936,0,In_Order
IMG_1647.jpeg,DR 63 1 18 V. .11 936,DR 63 1 18 V .12 937,0,In_Order
IMG_1647.jpeg,DR 63 1 18 V .12 937,DR 63 A1 A18 V.13 1938,0,In_Order
IMG_1647.jpeg,DR 63 A1 A18 V.13 1938,DR 63 A 1 A 8 1 4 939,0,In_Order
IMG_1647.jpeg,DR 63 A 1 A 8 1 4 939,DR 63 A1 A18 V.15 1940,2,Out_of_Order
IMG_1647.jpeg,DR 63 A1 A18 V.15 1940,DR 63 A1 A 18 V 16,0,In_Order
IMG_1647.jpeg,DR 63 A1 A 18 V 16,DR 63 A1 A18 V 17 1942,2,Out_of_Order
IMG_1648.jpeg,OLIN DP 177 .P83z 2001,OLIN DP 178 .E88 2004,0,In_Order
IMG_1648.jpeg,OLIN DP 178 .E88 2004,DP 178 F34,0,In_Order
IMG_1648.jpeg,DP 178 F34,OLIN DP 178 .F37x 1998 V.1 pt.1,2,Out_of_Order
IMG_1648.jpeg,OLIN DP 178 .F37x 1998 V.1 pt.1,OLIN DP 178 .F37X 1998 V.1 pt.2,0,In_Order
IMG_1648.jpeg,OLIN DP 178 .F37X 1998 V.1 pt.2,OLIN DP 178 .F37X 1998 V.2,0,In_Order
IMG_1648.jpeg,OLIN DP 178 .F37X 1998 V.2,OLIN DP 178 .F37X 1998 V.3,0,In_Order
IMG_1648.jpeg,OLIN DP 178 .F37X 1998 V.3,OLIN DP 178 .F37x 1998 V.4,0,In_Order
IMG_1648.jpeg,OLIN DP 178 .F37x 1998 V.4,OLIN DP 178 .F4165x 1999 v.1,0,In_Order
IMG_1648.jpeg,OLIN DP 178 .F4165x 1999 v.1,OLIN DP 178 .F4165x 1999 v.2,0,In_Order
IMG_1649.jpeg,IN 34,DP 216 M49,2,Out_of_Order
IMG_1649.jpeg,DP 216 M49,OLIN DP 216 .P57z 1991,0,In_Order
IMG_1649.jpeg,OLIN DP 216 .P57z 1991,OLIN DP 216 R84Z 2001,0,In_Order
IMG_1649.jpeg,OLIN DP 216 R84Z 2001,OLIN DP 216 .T46 2010,0,In_Order
IMG_1649.jpeg,OLIN DP 216 .T46 2010,OLIN DP 217 .A43X 1997,2,Out_of_Order
IMG_1649.jpeg,OLIN DP 217 .A43X 1997,DP 217 C58,0,In_Order
IMG_1649.jpeg,DP 217 C58,OLIN DP 217 .G75 2020,0,In_Order
IMG_1649.jpeg,OLIN DP 217 .G75 2020,DP 217 K41,0,In_Order
IMG_1649.jpeg,DP 217 K41,DP 217 048,0,In_Order
IMG_1649.jpeg,DP 217 048,OLIN DP 217 .P49X 2002,2,Out_of_Order
IMG_1649.jpeg,OLIN DP 217 .P49X 2002,DP 217 .5 A78 T79,0,In_Order
IMG_1649.jpeg,DP 217 .5 A78 T79,OLIN DP 217 D53 2023,0,In_Order
IMG_1649.jpeg,OLIN DP 217 D53 2023,OLIN DP 217 .5 .E76 G37 2016,2,Out_of_Order
IMG_1650.jpeg,518 51 41,DQ 851 B13 M46,2,Out_of_Order
IMG_1650.jpeg,DQ 851 B13 M46,EBEN B62,0,In_Order
IMG_1650.jpeg,EBEN B62,851 B62 M93,2,Out_of_Order
IMG_1650.jpeg,851 B62 M93,OLIN DQ 851 .B63 B56 2004,2,Out_of_Order
IMG_1650.jpeg,OLIN DQ 851 .B63 B56 2004,OLIN DQ 851 .C279 078z 1994,0,In_Order
IMG_1650.jpeg,OLIN DQ 851 .C279 078z 1994,OLIN DQ 851 .C355 B57x 2000,2,Out_of_Order
IMG_1650.jpeg,OLIN DQ 851 .C355 B57x 2000,OLIN DQ 851 .C45 K35z 1998,0,In_Order
IMG_1650.jpeg,OLIN DQ 851 .C45 K35z 1998,OLIN DQ 851 .C883 R35 2013,0,In_Order
IMG_1650.jpeg,OLIN DQ 851 .C883 R35 2013,OLIN DQ 851 .E27 H67x 1991,0,In_Order
IMG_1650.jpeg,OLIN DQ 851 .E27 H67x 1991,D8ES Onmm 4,0,In_Order
IMG_1651.jpeg,DO 703,OLIN DQ 708 G82 1961,2,Out_of_Order
IMG_1651.jpeg,OLIN DQ 708 G82 1961,DQ 716 K92 1966,0,In_Order
IMG_1651.jpeg,DQ 716 K92 1966,DQ 716 Z78,0,In_Order
IMG_1651.jpeg,DQ 716 Z78,DQ 717 5 Z95,2,Out_of_Order
IMG_1651.jpeg,DQ 717 5 Z95,OLIN DQ 719 .1 .083 1997,2,Out_of_Order
IMG_1651.jpeg,OLIN DQ 719 .1 .083 1997,DQ 719 5 B61,0,In_Order
IMG_1652.jpeg,OLIN DQ 403 .F75 2002,DQ 409 S84 1964,0,In_Order
IMG_1652.jpeg,DQ 409 S84 1964,OLIN DQ 409 .4 .G473X 2001,2,Out_of_Order
IMG_1652.jpeg,OLIN DQ 409 .4 .G473X 2001,DQ 409 .6 J95,0,In_Order
IMG_1652.jpeg,DQ 409 .6 J95,DQ 4SE 12 8 6 65 1 V,0,In_Order
IMG_1652.jpeg,DQ 4SE 12 8 6 65 1 V,DQ 412 S86 E 65 V.2,0,In_Order
IMG_1652.jpeg,DQ 412 S86 E 65 V.2,DQ 415 J25 1967,0,In_Order
IMG_1653.jpeg,OLIN DQ 380 R83z 1999,OLIN DQ 375 .Q4Z Bd.62,2,Out_of_Order
IMG_1653.jpeg,OLIN DQ 375 .Q4Z Bd.62,DQ 383 Q3 v.7 pt 1,2,Out_of_Order
IMG_1653.jpeg,DQ 383 Q3 v.7 pt 1,DQ 383 Q3 V.11,0,In_Order
IMG_1653.jpeg,DQ 383 Q3 V.11,DQ 383 Q3 V.12,0,In_Order
IMG_1653.jpeg,DQ 383 Q3 V.12,OLIN DQ 384 .5 .G38x 2001,0,In_Order
IMG_1653.jpeg,OLIN DQ 384 .5 .G38x 2001,DQ 387 .6 S57,0,In_Order
IMG_1653.jpeg,DQ 387 .6 S57,DQ,0,In_Order
IMG_1654.jpeg,OLIN DR 1698 A53X 2001,OLIN DR 1698 A53x 2001,1,Duplicate
IMG_1654.jpeg,OLIN DR 1698 A53x 2001,OLIN DR 1698 .H35 2004,0,In_Order
IMG_1654.jpeg,OLIN DR 1698 .H35 2004,OLIN DR 1699 .134 2011 v.1,0,In_Order
IMG_1654.jpeg,OLIN DR 1699 .134 2011 v.1,OLIN DR 1699 .134 2011 v.2,0,In_Order
IMG_1654.jpeg,OLIN DR 1699 .134 2011 v.2,OLIN DR 1699 K73 2018,0,In_Order
IMG_1654.jpeg,OLIN DR 1699 K73 2018,OLIN DR 1703 .F55 2007,0,In_Order
IMG_1654.jpeg,OLIN DR 1703 .F55 2007,OLIN DR 1703 .L27 2003,0,In_Order
IMG_1654.jpeg,OLIN DR 1703 .L27 2003,OLIN DR 1711 .B35 2013 pt.1,2,Out_of_Order
IMG_1654.jpeg,OLIN DR 1711 .B35 2013 pt.1,OLIN DR 1711 .B35 2013 pt.2,0,In_Order
IMG_1654.jpeg,OLIN DR 1711 .B35 2013 pt.2,OLIN DR 1712 .B45 2017,0,In_Order
IMG_1655.jpeg,OLIN DS 135 E83 M87X 1998,OLIN DS 135 .E83 N34Z 2002,0,In_Order
IMG_1655.jpeg,OLIN DS 135 .E83 N34Z 2002,H304,2,Out_of_Order
IMG_1655.jpeg,H304,OLIN DS 135 .E83 N49 2008,0,In_Order
IMG_1655.jpeg,OLIN DS 135 .E83 N49 2008,OLIN DS 135 .E83 077 2004,2,Out_of_Order
IMG_1655.jpeg,OLIN DS 135 .E83 077 2004,OLIN DS 135 .E83 P37 2014,0,In_Order
IMG_1655.jpeg,OLIN DS 135 .E83 P37 2014,OLIN DS 135 .E83 P37x 2001,2,Out_of_Order
IMG_1655.jpeg,OLIN DS 135 .E83 P37x 2001,OLIN DS 135 .E83 P46x 2001,1,Duplicate
IMG_1655.jpeg,OLIN DS 135 .E83 P46x 2001,OLIN DS 135 .E83 P48 2014,0,In_Order
IMG_1655.jpeg,OLIN DS 135 .E83 P48 2014,OLIN DS 135 .E83 P65z 2001,0,In_Order
IMG_1655.jpeg,OLIN DS 135 .E83 P65z 2001,OLIN DS 135 .E83 R35 2009,0,In_Order
IMG_1655.jpeg,OLIN DS 135 .E83 R35 2009,DS 135 83,0,In_Order
IMG_1655.jpeg,DS 135 83,DS 135 E83 R37 1961 C.2,2,Out_of_Order
IMG_1656.jpeg,DS 247 K85 M21,OLIN DS 247 .K85 M95 1995,2,Out_of_Order
IMG_1656.jpeg,OLIN DS 247 .K85 M95 1995,DS 247 K85 R23 1962,0,In_Order
IMG_1656.jpeg,DS 247 K85 R23 1962,OLIN DS 247 .K85 S53 2008,0,In_Order
IMG_1656.jpeg,OLIN DS 247 .K85 S53 2008,DS 247 K86 R95,0,In_Order
IMG_1656.jpeg,DS 247 K86 R95,OLIN DS 247 K87 A47 2014,2,Out_of_Order
IMG_1656.jpeg,OLIN DS 247 K87 A47 2014,OLIN DS 247 .K87 A473X 1998,0,In_Order
IMG_1656.jpeg,OLIN DS 247 .K87 A473X 1998,OLIN DS 247 .K87 H35 2005,0,In_Order
IMG_1656.jpeg,OLIN DS 247 .K87 H35 2005,OLIN DS 247 .K87 K89 2008,0,In_Order
IMG_1656.jpeg,OLIN DS 247 .K87 K89 2008,OLIN DS 247 .K88 A57 2007,2,Out_of_Order
IMG_1656.jpeg,OLIN DS 247 .K88 A57 2007,DS 247 K88 A66 2015,0,In_Order
IMG_1656.jpeg,DS 247 K88 A66 2015,OLIN DS 247 .K88 A6669X 1995,0,In_Order
IMG_1656.jpeg,OLIN DS 247 .K88 A6669X 1995,DS 247 K88 A84,0,In_Order
IMG_1656.jpeg,DS 247 K88 A84,DS 247 K88 C95,0,In_Order
IMG_1656.jpeg,DS 247 K88 C95,OLIN DS 247 .K88 J69x 1998,0,In_Order
IMG_1657.jpeg,OLIN E 99 .C68 S94 2010,OLIN E 99 .C68 T87x 1997,0,In_Order
IMG_1657.jpeg,OLIN E 99 .C68 T87x 1997,OLIN E 99 .C68 S764 2008,2,Out_of_Order
IMG_1657.jpeg,OLIN E 99 .C68 S764 2008,OLIN E 99 .C7 C25 1966,0,In_Order
IMG_1657.jpeg,OLIN E 99 .C7 C25 1966,E 99 C8 A25,0,In_Order
IMG_1657.jpeg,E 99 C8 A25,OLIN E 99 C8 A42 2013,2,Out_of_Order
IMG_1657.jpeg,OLIN E 99 C8 A42 2013,E 99 C8 B45,0,In_Order
IMG_1657.jpeg,E 99 C8 B45,S上,0,In_Order
IMG_1657.jpeg,S上,E 99 C8 B47 1970,2,Out_of_Order
IMG_1657.jpeg,E 99 C8 B47 1970,OLIN E 99 .C8 B44 2007,2,Out_of_Order
IMG_1657.jpeg,OLIN E 99 .C8 B44 2007,E 99 C8 B63,0,In_Order
IMG_1657.jpeg,E 99 C8 B63,OLIN E 99 .C8 C33x 1999,2,Out_of_Order
IMG_1657.jpeg,OLIN E 99 .C8 C33x 1999,OLIN E 99 .C8 C453 1985,2,Out_of_Order
IMG_1657.jpeg,OLIN E 99 .C8 C453 1985,OLIN E 99 .C8 C454 1984,2,Out_of_Order
IMG_1658.jpeg,OLIN DT 1373 .H49X 2000,OLIN DT 1402 .M64X 1992,0,In_Order
IMG_1658.jpeg,OLIN DT 1402 .M64X 1992,OLIN DT 1402 N47 2001,0,In_Order
IMG_1658.jpeg,OLIN DT 1402 N47 2001,OLIN DT 1402 S419x 2000,0,In_Order
IMG_1658.jpeg,OLIN DT 1402 S419x 2000,OLIN DT 1402 .T45 2022,0,In_Order
IMG_1658.jpeg,OLIN DT 1402 .T45 2022,OLIN DT 1405 .M46 2002,2,Out_of_Order
IMG_1658.jpeg,OLIN DT 1405 .M46 2002,OLIN DT 1410 .C83 C37x 1996,2,Out_of_Order
IMG_1658.jpeg,OLIN DT 1410 .C83 C37x 1996,OLIN DT 1420 .M47 2008 v.1,0,In_Order
IMG_1658.jpeg,OLIN DT 1420 .M47 2008 v.1,OLIN DT 1420 .M47 2008 v.2,0,In_Order
IMG_1658.jpeg,OLIN DT 1420 .M47 2008 v.2,OLIN DT 1428 .A57X 1996,2,Out_of_Order
IMG_1659.jpeg,DT 1436 H47,OLIN DT 1436 .M37 2006,0,In_Order
IMG_1659.jpeg,OLIN DT 1436 .M37 2006,URIS DT 1436 M56X 1994,0,In_Order
IMG_1659.jpeg,URIS DT 1436 M56X 1994,OLIN DT 1514 .G76X 1994,1,Duplicate
IMG_1659.jpeg,OLIN DT 1514 .G76X 1994,OLIN DT 1536 .T54 2013,0,In_Order
IMG_1659.jpeg,OLIN DT 1536 .T54 2013,OLIN DT 1558 .G46 E24 2007,2,Out_of_Order
IMG_1659.jpeg,OLIN DT 1558 .G46 E24 2007,OLIN DT 1558 .G46 K86 2001,0,In_Order
IMG_1659.jpeg,OLIN DT 1558 .G46 K86 2001,OLIN DT 1558 .G46 036 2023,2,Out_of_Order
IMG_1659.jpeg,OLIN DT 1558 .G46 036 2023,OLIN DT 1558 .G46 S44z 2000,0,In_Order
IMG_1659.jpeg,OLIN DT 1558 .G46 S44z 2000,OLIN DT 1558 .G46 W35 2002,0,In_Order
IMG_1659.jpeg,OLIN DT 1558 .G46 W35 2002,OLIN DT 1558 .H47 G47x 1999,0,In_Order
IMG_1659.jpeg,OLIN DT 1558 .H47 G47x 1999,OLIN DT 1558 .H47 G49 2000,2,Out_of_Order
IMG_1660.jpeg,OLIN HB 846 .J47x 1998,HD 846 L25,0,In_Order
IMG_1660.jpeg,HD 846 L25,OLIN HB 846 .L46W 1997,2,Out_of_Order
IMG_1660.jpeg,OLIN HB 846 .L46W 1997,HB 846 L47,0,In_Order
IMG_1660.jpeg,HB 846 L47,OLIN HB 846 .M43x 1994,2,Out_of_Order
IMG_1660.jpeg,OLIN HB 846 .M43x 1994,HB 846 M44,0,In_Order
IMG_1660.jpeg,HB 846 M44,HB 846 M63,2,Out_of_Order
IMG_1660.jpeg,HB 846 M63,HB 846 M67,0,In_Order
IMG_1660.jpeg,HB 846 M67,URIS HB 846 .M95X 1995,2,Out_of_Order
IMG_1661.jpeg,HB 346 77,HB 846 B26,2,Out_of_Order
IMG_1661.jpeg,HB 846 B26,URIS HB 846 .B26 1993,2,Out_of_Order
IMG_1661.jpeg,URIS HB 846 .B26 1993,OLIN HB 846 .B37 d 1993z,0,In_Order
IMG_1661.jpeg,OLIN HB 846 .B37 d 1993z,OLIN HB 846 .B37X 1998,0,In_Order
IMG_1661.jpeg,OLIN HB 846 .B37X 1998,OLIN HB 846 .B373x 2001,2,Out_of_Order
IMG_1661.jpeg,OLIN HB 846 .B373x 2001,HB 846 B49,0,In_Order
IMG_1661.jpeg,HB 846 B49,HB 846 B57 1982,0,In_Order
IMG_1661.jpeg,HB 846 B57 1982,OLIN HB 846 B66,0,In_Order
IMG_1661.jpeg,OLIN HB 846 B66,OLIN HB 846 .C65x 1997,2,Out_of_Order
IMG_1661.jpeg,OLIN HB 846 .C65x 1997,HB 846 C67x 1992,2,Out_of_Order
IMG_1661.jpeg,HB 846 C67x 1992,OLIN HB 846 .D53x 2003,2,Out_of_Order
IMG_1661.jpeg,OLIN HB 846 .D53x 2003,OLIN HB 846 .E18 1990,0,In_Order
IMG_1663.jpeg,HC 59 1:62,HC 59 J174,2,Out_of_Order
IMG_1663.jpeg,HC 59 J174,252,0,In_Order
IMG_1663.jpeg,252,HC 5 9 J41 c.2,0,In_Order
IMG_1663.jpeg,HC 5 9 J41 c.2,HC 59 J42 1987,0,In_Order
IMG_1663.jpeg,HC 59 J42 1987,HC 59 J83 966,0,In_Order
IMG_1663.jpeg,HC 59 J83 966,HC 59 J86 1967,0,In_Order
IMG_1663.jpeg,HC 59 J86 1967,HC 59 K12,0,In_Order
IMG_1663.jpeg,HC 59 K12,HC 59 K14 1978,2,Out_of_Order
IMG_1663.jpeg,HC 59 K14 1978,HC 59 K17,0,In_Order
IMG_1663.jpeg,HC 59 K17,HC 59 K45 1971,0,In_Order
IMG_1664.jpeg,HC 107 H3 H58X 1992,HC 107 H3 K37,0,In_Order
IMG_1664.jpeg,HC 107 H3 K37,OLIN HC 107 .H3 P65W 1994,2,Out_of_Order
IMG_1664.jpeg,OLIN HC 107 .H3 P65W 1994,OLIN HC 107 .H3 T68 2016,0,In_Order
IMG_1664.jpeg,OLIN HC 107 .H3 T68 2016,OLIN HC 107 .133 C66 2019,0,In_Order
IMG_1664.jpeg,OLIN HC 107 .133 C66 2019,HC 107 I8A2,0,In_Order
IMG_1664.jpeg,HC 107 I8A2,HC 107 I8A24,0,In_Order
IMG_1664.jpeg,HC 107 I8A24,HC 107 I8A24,1,Duplicate
IMG_1664.jpeg,HC 107 I8A24,HC 107 18 W35X 1991,2,Out_of_Order
IMG_1665.jpeg,HC 263 T78,HC 2 6 4 工 6 9 96,0,In_Order
IMG_1665.jpeg,HC 2 6 4 工 6 9 96,OLIN HC 264 .L64 2025,2,Out_of_Order
IMG_1665.jpeg,OLIN HC 264 .L64 2025,HC 264 M43,0,In_Order
IMG_1665.jpeg,HC 264 M43,OLIN HC 264 .M43 2006c,2,Out_of_Order
IMG_1665.jpeg,OLIN HC 264 .M43 2006c,HC 264 091,0,In_Order
IMG_1665.jpeg,HC 264 091,OLIN HC 264 .S74 1999,2,Out_of_Order
IMG_1665.jpeg,OLIN HC 264 .S74 1999,OLIN HC 265 A15 1999,2,Out_of_Order
IMG_1665.jpeg,OLIN HC 265 A15 1999,HC 265 A93 L7,0,In_Order
IMG_1665.jpeg,HC 265 A93 L7,OLIN HC 265 .D36 2018,2,Out_of_Order
IMG_1665.jpeg,OLIN HC 265 .D36 2018,OLIN HC 265 D57 2017,2,Out_of_Order
IMG_1665.jpeg,OLIN HC 265 D57 2017,HC 265 E18,0,In_Order
IMG_1665.jpeg,HC 265 E18,OLIN HC 265 .E293 1994z,0,In_Order
IMG_1666.jpeg,一 A H 9 113 4 L8 A 2+,HA 1139 L84 A2+ h.S.,1,Duplicate
IMG_1666.jpeg,HA 1139 L84 A2+ h.S.,HA 1139 L84 A2+ v.7,0,In_Order
IMG_1666.jpeg,HA 1139 L84 A2+ v.7,HA 1141 A5+ 1961,0,In_Order
IMG_1666.jpeg,HA 1141 A5+ 1961,HA 1141 A5+ 1961,1,Duplicate
IMG_1666.jpeg,HA 1141 A5+ 1961,HA 1141 A5+ 1961,1,Duplicate
IMG_1666.jpeg,HA 1141 A5+ 1961,HA 114,0,In_Order
IMG_1666.jpeg,HA 114,HA 1141 A5+ 1966,2,Out_of_Order
IMG_1666.jpeg,HA 1141 A5+ 1966,HA 1141 A5+ 1966,1,Duplicate
IMG_1666.jpeg,HA 1141 A5+ 1966,HA 1141 A5+ 1966,1,Duplicate
IMG_1666.jpeg,HA 1141 A5+ 1966,HA 1141 A5+ 1966,1,Duplicate
IMG_1666.jpeg,HA 1141 A5+ 1966,HA 1141 A5+ 1966,1,Duplicate
IMG_1666.jpeg,HA 1141 A5+ 1966,HA 1141 A5+ 1966,1,Duplicate
IMG_1666.jpeg,HA 1141 A5+ 1966,OLIN + HA 1141 .5 1991 N672X 1993,0,In_Order
IMG_1666.jpeg,OLIN + HA 1141 .5 1991 N672X 1993,OLIN + HA 1141 .5 1991c,2,Out_of_Order
IMG_1666.jpeg,OLIN + HA 1141 .5 1991c,OLIN + HA 1141 .5 1991x,0,In_Order
IMG_1666.jpeg,OLIN + HA 1141 .5 1991x,OLIN HA 1141 .5 2001b,0,In_Order
IMG_1667.jpeg,OLIN HC 340 3 K656363 2000,OLIN HC 340 .3 K6854 2012,0,In_Order
IMG_1667.jpeg,OLIN HC 340 .3 K6854 2012,HC 340 .3 L25 1985,0,In_Order
IMG_1667.jpeg,HC 340 .3 L25 1985,OLIN HC 340 .3 .L362 1995,0,In_Order
IMG_1667.jpeg,OLIN HC 340 .3 .L362 1995,OLIN HC 340 .3 M639z 2000,0,In_Order
IMG_1667.jpeg,OLIN HC 340 .3 M639z 2000,OLIN HC 340 3 M66X 1995,2,Out_of_Order
IMG_1667.jpeg,OLIN HC 340 3 M66X 1995,OLIN HC 340 .3 .M67 1998,0,In_Order
IMG_1667.jpeg,OLIN HC 340 .3 .M67 1998,OLIN HC 340 .3 0433 2008,0,In_Order
IMG_1667.jpeg,OLIN HC 340 .3 0433 2008,OLIR HC 340 .3 .073 2001,2,Out_of_Order
IMG_1667.jpeg,OLIR HC 340 .3 .073 2001,OLIN HC 340 .3 .075 1996z,0,In_Order
IMG_1667.jpeg,OLIN HC 340 .3 .075 1996z,OLIN HC 340 .3 .P495 2018,0,In_Order
IMG_1667.jpeg,OLIN HC 340 .3 .P495 2018,plailes,2,Out_of_Order
IMG_1668.jpeg,OLIN HC 340 .3 .A56X 1999,OLIN HC 340 .3 .A67 2008,0,In_Order
IMG_1668.jpeg,OLIN HC 340 .3 .A67 2008,OLIN HC 340 .3 .B343 1999z,2,Out_of_Order
IMG_1668.jpeg,OLIN HC 340 .3 .B343 1999z,OLIN HC 340 .3 .B45X 2001,0,In_Order
IMG_1668.jpeg,OLIN HC 340 .3 .B45X 2001,OLIN HC 340 .3 .B56X 1995,0,In_Order
IMG_1668.jpeg,OLIN HC 340 .3 .B56X 1995,OLIN HC 340 3 B625X 2000,0,In_Order
IMG_1668.jpeg,OLIN HC 340 3 B625X 2000,OLIN HC 340 .3 .B82X 2002,0,In_Order
IMG_1668.jpeg,OLIN HC 340 .3 .B82X 2002,OLIN HC 340 3 C46X 1985,2,Out_of_Order
IMG_1668.jpeg,OLIN HC 340 3 C46X 1985,OLIN HC 340 3 .C55 2018,0,In_Order
IMG_1668.jpeg,OLIN HC 340 3 .C55 2018,OLIN HC 340 .3 .C68x 2001,0,In_Order
IMG_1669.jpeg,OLIN HC 340 .19 .29 F35 2003,HC 340 .19 .29 F35W 1993,0,In_Order
IMG_1669.jpeg,HC 340 .19 .29 F35W 1993,OLIN HC 340 .19 .Z9 F3575 2002,2,Out_of_Order
IMG_1669.jpeg,OLIN HC 340 .19 .Z9 F3575 2002,OLIN HC 340 .19 .29 F365X 1996,0,In_Order
IMG_1669.jpeg,OLIN HC 340 .19 .29 F365X 1996,OLIN HC 340 .19 .29 F3786 2000,0,In_Order
IMG_1669.jpeg,OLIN HC 340 .19 .29 F3786 2000,OLIN HC 340 .19 .29 F379z 2000,0,In_Order
IMG_1669.jpeg,OLIN HC 340 .19 .29 F379z 2000,OLIN HC 340 .19 .79 F369 2007,0,In_Order
IMG_1669.jpeg,OLIN HC 340 .19 .79 F369 2007,OLIN HC 340 19 Z9 F3797 2008,0,In_Order
IMG_1669.jpeg,OLIN HC 340 19 Z9 F3797 2008,OLIN HC 340 19 Z9 5234 2012,0,In_Order
IMG_1670.jpeg,PA 3015 N4 D44,OLIN PA 3015 043 A4X 2003,2,Out_of_Order
IMG_1670.jpeg,OLIN PA 3015 043 A4X 2003,OLIN PA 3015 .043 S46x 1995 V.1,0,In_Order
IMG_1670.jpeg,OLIN PA 3015 .043 S46x 1995 V.1,OLIN PA 3015 .043 S46x 1995 V.2,0,In_Order
IMG_1670.jpeg,OLIN PA 3015 .043 S46x 1995 V.2,PA 3015 P62 G65X 1991,0,In_Order
IMG_1670.jpeg,PA 3015 P62 G65X 1991,PA 3015 P62 W22,0,In_Order
IMG_1670.jpeg,PA 3015 P62 W22,OLIN PA 3015 .P63 A56 2005,2,Out_of_Order
IMG_1670.jpeg,OLIN PA 3015 .P63 A56 2005,Texte et traductio,0,In_Order
IMG_1670.jpeg,Texte et traductio,OLIN PA 3015 P63 A78 2015,2,Out_of_Order
IMG_1670.jpeg,OLIN PA 3015 P63 A78 2015,OLIN PA 3015 .P63 B76 2013,2,Out_of_Order
IMG_1670.jpeg,OLIN PA 3015 .P63 B76 2013,OLIN PA 3015 .P67 C66 2014,0,In_Order
IMG_1670.jpeg,OLIN PA 3015 .P67 C66 2014,PA 3015 P76 R79 1992,0,In_Order
IMG_1670.jpeg,PA 3015 P76 R79 1992,PA 3015 P78 C35X 1993,0,In_Order
IMG_1671.jpeg,OLIN PA 3015 H43 N34X 1999,OLIN PA 3015 .H43 P37 1999,0,In_Order
IMG_1671.jpeg,OLIN PA 3015 .H43 P37 1999,OLIN PA 3015 .H6 H67 2018,2,Out_of_Order
IMG_1671.jpeg,OLIN PA 3015 .H6 H67 2018,OLIN PA 3015 .H77 M45 2020,2,Out_of_Order
IMG_1671.jpeg,OLIN PA 3015 .H77 M45 2020,OLIN PA 3015 I44 E28 2003,0,In_Order
IMG_1671.jpeg,OLIN PA 3015 I44 E28 2003,OLIN PA 3015 .183 P49 2016,0,In_Order
IMG_1671.jpeg,OLIN PA 3015 .183 P49 2016,OLIN P 3015 .J87 D54 2020,0,In_Order
IMG_1671.jpeg,OLIN P 3015 .J87 D54 2020,OLIN PA 3015 .L5 H33 2022,2,Out_of_Order
IMG_1671.jpeg,OLIN PA 3015 .L5 H33 2022,PA 3015 L67 B42 1984,2,Out_of_Order
IMG_1671.jpeg,PA 3015 L67 B42 1984,OLIN PA 3015 .L67 C65x 2000,0,In_Order
IMG_1671.jpeg,OLIN PA 3015 .L67 C65x 2000,OLIN PA 3015 .L67 E76 2013,0,In_Order
IMG_1671.jpeg,OLIN PA 3015 .L67 E76 2013,PA 3015 L8 G87,0,In_Order
IMG_1671.jpeg,PA 3015 L8 G87,OLIN PA 3015 .L67 E76x 1996,2,Out_of_Order
IMG_1672.jpeg,OLIN PA 6637 .Z8x 1857a,PA 6638 A2 1922,0,In_Order
IMG_1672.jpeg,PA 6638 A2 1922,生 LIVRES,0,In_Order
IMG_1672.jpeg,生 LIVRES,PA 6638 A7 1927,2,Out_of_Order
IMG_1672.jpeg,PA 6638 A7 1927,PA 6638 AR 1927,2,Out_of_Order
IMG_1672.jpeg,PA 6638 AR 1927,PA 6638 AR 1977,1,Duplicate
IMG_1672.jpeg,PA 6638 AR 1977,PA 6638 A2 1927 t.4,2,Out_of_Order
IMG_1672.jpeg,PA 6638 A2 1927 t.4,OLIN PA 6638 .A2x 1966,0,In_Order
IMG_1672.jpeg,OLIN PA 6638 .A2x 1966,OLIN PA 6638 .A2x 1992,2,Out_of_Order
IMG_1672.jpeg,OLIN PA 6638 .A2x 1992,66 A3 1889,0,In_Order
IMG_1672.jpeg,66 A3 1889,OLIN PA 6638 .A32 W45 2013,2,Out_of_Order
IMG_1672.jpeg,OLIN PA 6638 .A32 W45 2013,PA 6638 A33 1889,0,In_Order
IMG_1672.jpeg,PA 6638 A33 1889,PA 6638 A4 1904,0,In_Order
IMG_1672.jpeg,PA 6638 A4 1904,OLIN PA 6638 .A4 1936 c.2,2,Out_of_Order
IMG_1672.jpeg,OLIN PA 6638 .A4 1936 c.2,PA 6638 A4 1965,0,In_Order
IMG_1673.jpeg,OLIN PE 1128 .A2 B768 2008,PE 1128 A2 B91,0,In_Order
IMG_1673.jpeg,PE 1128 A2 B91,OLIN PE 1128 .A2 C368 2011,0,In_Order
IMG_1673.jpeg,OLIN PE 1128 .A2 C368 2011,OLIN PE 1128 .A2 C478 2009,2,Out_of_Order
IMG_1673.jpeg,OLIN PE 1128 .A2 C478 2009,OLIN PE 1128 .A2 C479 2013,0,In_Order
IMG_1673.jpeg,OLIN PE 1128 .A2 C479 2013,OLIN PE 1128 A2 C66 2003,2,Out_of_Order
IMG_1673.jpeg,OLIN PE 1128 A2 C66 2003,OLIN PE 1128 .A2 C73 2003,0,In_Order
IMG_1673.jpeg,OLIN PE 1128 .A2 C73 2003,OLIN PE 1128 .A2 C744 2004,0,In_Order
IMG_1673.jpeg,OLIN PE 1128 .A2 C744 2004,OLIN PE 1128 .A2 C78 2006,0,In_Order
IMG_1673.jpeg,OLIN PE 1128 .A2 C78 2006,PE 1128 A2 C94,0,In_Order
IMG_1673.jpeg,PE 1128 A2 C94,PE 1128 A2 C94 1980,0,In_Order
IMG_1674.jpeg,URIS PE 1127 .P6 S54 2003,URIS PE 1127 .S3 B45X 1993,0,In_Order
IMG_1674.jpeg,URIS PE 1127 .S3 B45X 1993,B JOVANOVICH BRACE HARCOURT,2,Out_of_Order
IMG_1674.jpeg,B JOVANOVICH BRACE HARCOURT,URIS PE 1127 S6 C635x 2001,0,In_Order
IMG_1674.jpeg,URIS PE 1127 S6 C635x 2001,URIS PE 1127 .S6 I35x 1998,0,In_Order
IMG_1674.jpeg,URIS PE 1127 .S6 I35x 1998,PE 1127 V5 G69,0,In_Order
IMG_1674.jpeg,PE 1127 V5 G69,OLIN PE 1128 .A2 A22x 1995,0,In_Order
IMG_1674.jpeg,OLIN PE 1128 .A2 A22x 1995,OLIN PE 1128 A2 A225x 2002,0,In_Order
IMG_1674.jpeg,OLIN PE 1128 A2 A225x 2002,OLIN PE 1128 .A2 A326X 1998,0,In_Order
IMG_1674.jpeg,OLIN PE 1128 .A2 A326X 1998,PE 1128,0,In_Order
IMG_1674.jpeg,PE 1128,PE 1128 A2 A42 1972,2,Out_of_Order
IMG_1674.jpeg,PE 1128 A2 A42 1972,OLIN PE 1128 .A2 A43 2009,0,In_Order
IMG_1675.jpeg,OLIN PF 3139 .7 P76 2005,OLIN PF 3141 .A97 2011 Bd.1,2,Out_of_Order
IMG_1675.jpeg,OLIN PF 3141 .A97 2011 Bd.1,OLIN PF 3141 .A97 2011 Bd.2,0,In_Order
IMG_1675.jpeg,OLIN PF 3141 .A97 2011 Bd.2,PF 3141 B55,0,In_Order
IMG_1675.jpeg,PF 3141 B55,OLIN PF 3141 .D63 2006,0,In_Order
IMG_1675.jpeg,OLIN PF 3141 .D63 2006,OLIN PF 3141 .D648z 1998 pt.1,0,In_Order
IMG_1675.jpeg,OLIN PF 3141 .D648z 1998 pt.1,OLIN PF 3141 .D648z 1998 bt.2,0,In_Order
IMG_1675.jpeg,OLIN PF 3141 .D648z 1998 bt.2,OLIN PF 3141 .H8 2005,0,In_Order
IMG_1675.jpeg,OLIN PF 3141 .H8 2005,OLIN PF 3141 .K76z 2001,0,In_Order
IMG_1675.jpeg,OLIN PF 3141 .K76z 2001,OLIN PF 3141 .P666 2005,0,In_Order
IMG_1675.jpeg,OLIN PF 3141 .P666 2005,OLIN PF 3141 .W43 2016,0,In_Order
IMG_1675.jpeg,OLIN PF 3141 .W43 2016,OLIN PF 3143 .A72 2007,2,Out_of_Order
IMG_1675.jpeg,OLIN PF 3143 .A72 2007,OLIN PF 3143 D83X 2000,0,In_Order
IMG_1676.jpeg,PF. 3135 W12 G7 1967,PF 3135 W12 G7 1974,0,In_Order
IMG_1676.jpeg,PF 3135 W12 G7 1974,PF 3135 W83,0,In_Order
IMG_1676.jpeg,PF 3135 W83,OLIN PF 3137 .D8X 2000,2,Out_of_Order
IMG_1676.jpeg,OLIN PF 3137 .D8X 2000,OLIN PF 3137 .D84 1990,0,In_Order
IMG_1676.jpeg,OLIN PF 3137 .D84 1990,PF 3137 G31,0,In_Order
IMG_1676.jpeg,PF 3137 G31,PF 3137 K66x 1989 BD.2,2,Out_of_Order
IMG_1676.jpeg,PF 3137 K66x 1989 BD.2,PF 3137 L88 1975,0,In_Order
IMG_1676.jpeg,PF 3137 L88 1975,PF 3137 M47,0,In_Order
IMG_1676.jpeg,PF 3137 M47,PF 3137 077 v.2,2,Out_of_Order
IMG_1676.jpeg,PF 3137 077 v.2,Lang,0,In_Order
IMG_1676.jpeg,Lang,OLIN PF 3137 R63 2001,2,Out_of_Order
IMG_1676.jpeg,OLIN PF 3137 R63 2001,PF 313 S57 191 C.2,0,In_Order
IMG_1676.jpeg,PF 313 S57 191 C.2,OLIN PF 3137 543 2005,2,Out_of_Order
IMG_1677.jpeg,OLIN PG 1283 T65 2018,OLIN PG 1285 .C85 2023,2,Out_of_Order
IMG_1677.jpeg,OLIN PG 1285 .C85 2023,PG 1285 G84,0,In_Order
IMG_1677.jpeg,PG 1285 G84,OLIN PG 1285 .H23 2023,2,Out_of_Order
IMG_1677.jpeg,OLIN PG 1285 .H23 2023,OLIN PG 1285 .J68 2020,0,In_Order
IMG_1677.jpeg,OLIN PG 1285 .J68 2020,PG 1285 K16,0,In_Order
IMG_1677.jpeg,PG 1285 K16,OLIN PG 1285 .M45 2023,0,In_Order
IMG_1677.jpeg,OLIN PG 1285 .M45 2023,OLIN PG 1285 .S72 2013,0,In_Order
IMG_1677.jpeg,OLIN PG 1285 .S72 2013,OLIN PG 1285 S72 2020,0,In_Order
IMG_1677.jpeg,OLIN PG 1285 S72 2020,PG 1285 S96 1983,0,In_Order
IMG_1677.jpeg,PG 1285 S96 1983,OLIN PG 1299 .M37 2010,0,In_Order
IMG_1677.jpeg,OLIN PG 1299 .M37 2010,LIN G 299 S375 003,0,In_Order
IMG_1678.jpeg,OLIN PG 1245 A548 2001,OLIN PG 1245 .B37X 1994,0,In_Order
IMG_1678.jpeg,OLIN PG 1245 .B37X 1994,OLIN PG 1245 .B7z 1996,0,In_Order
IMG_1678.jpeg,OLIN PG 1245 .B7z 1996,OLIN PG 1245 B729 2019,0,In_Order
IMG_1678.jpeg,OLIN PG 1245 B729 2019,OLIN PG 1245 .F45 2005,0,In_Order
IMG_1678.jpeg,OLIN PG 1245 .F45 2005,OLIN PG 1245 .H35 2017,0,In_Order
IMG_1678.jpeg,OLIN PG 1245 .H35 2017,OLIN PG 1245 .J65 2012,2,Out_of_Order
IMG_1678.jpeg,OLIN PG 1245 .J65 2012,OLIN PG 1245 .K37 2002,0,In_Order
IMG_1679.jpeg,OLIN PC 1983 .P58x 2000 + v.1,OLIN PC 1983 .P58x 2000 + V.2,0,In_Order
IMG_1679.jpeg,OLIN PC 1983 .P58x 2000 + V.2,OLIN PC 1983 .P83 2000 +,0,In_Order
IMG_1679.jpeg,OLIN PC 1983 .P83 2000 +,OLIN + PC 1983 .5 .A45X 1995,0,In_Order
IMG_1679.jpeg,OLIN + PC 1983 .5 .A45X 1995,PC 2002,0,In_Order
IMG_1679.jpeg,PC 2002,PC 2002 F79,2,Out_of_Order
IMG_1679.jpeg,PC 2002 F79,PC 2027 M38+,0,In_Order
IMG_1680.jpeg,PC 1866 A2+,PC 1874 G3 C33+ 1876,0,In_Order
IMG_1680.jpeg,PC 1874 G3 C33+ 1876,PC 1926 S52+ V.1,0,In_Order
IMG_1681.jpeg,OLIN PG 1419 21 18 Z8G 2019,OLIN PG 1419 a1 18 7806 2013,2,Out_of_Order
IMG_1681.jpeg,OLIN PG 1419 a1 18 7806 2013,OLIN IG 1419 23 122 M74 2016,0,In_Order
IMG_1681.jpeg,OLIN IG 1419 23 122 M74 2016,OLIN PG 1419 132 0278 2006 9,0,In_Order
IMG_1681.jpeg,OLIN PG 1419 132 0278 2006 9,OLIN PG 1419 36 .1954 P4 2011 中,0,In_Order
IMG_1681.jpeg,OLIN PG 1419 36 .1954 P4 2011 中,OLIN PG 1420 26 068 NG3 1004,2,Out_of_Order
IMG_1681.jpeg,OLIN PG 1420 26 068 NG3 1004,OLIN PG 1455 B34 B35 2012,0,In_Order
IMG_1681.jpeg,OLIN PG 1455 B34 B35 2012,OLIN PG 1465 1847 2011,0,In_Order
IMG_1681.jpeg,OLIN PG 1465 1847 2011,OLIN PG 1602 B73 2005 十,2,Out_of_Order
IMG_1681.jpeg,OLIN PG 1602 B73 2005 十,OLIN PG 1602 B73 2005 m2,0,In_Order
IMG_1681.jpeg,OLIN PG 1602 B73 2005 m2,OLIN PG 1610 2013,0,In_Order
IMG_1682.jpeg,PC 1971 M53+ c.2,OLIN PC 1983 .C383x 1999 十,2,Out_of_Order
IMG_1682.jpeg,OLIN PC 1983 .C383x 1999 十,OLIN PC 1983 E85 1999,0,In_Order
IMG_1683.jpeg,PG 3286 M19 1963,PG 3286 M19 1969,0,In_Order
IMG_1683.jpeg,PG 3286 M19 1969,OLIN PG 3286 .M67 2013,0,In_Order
IMG_1683.jpeg,OLIN PG 3286 .M67 2013,URIS PG 3286 N56x 2003,0,In_Order
IMG_1683.jpeg,URIS PG 3286 N56x 2003,PG 3286 041,0,In_Order
IMG_1683.jpeg,PG 3286 041,OLIN PG 3286 .089x 1998,2,Out_of_Order
IMG_1683.jpeg,OLIN PG 3286 .089x 1998,PG 3286 097 1963,0,In_Order
IMG_1683.jpeg,PG 3286 097 1963,URIS PG 3286 .P74X 1996,0,In_Order
IMG_1683.jpeg,URIS PG 3286 .P74X 1996,PG 3286 P94,0,In_Order
IMG_1683.jpeg,PG 3286 P94,PG 3286 P96 M8,2,Out_of_Order
IMG_1683.jpeg,PG 3286 P96 M8,OLIN PG 3286 R436 2012,0,In_Order
IMG_1683.jpeg,OLIN PG 3286 R436 2012,OLIN PG 3286 R892 2017,0,In_Order
IMG_1683.jpeg,OLIN PG 3286 R892 2017,OLIN PG 3286 .R895 2005,2,Out_of_Order
IMG_1684.jpeg,PN 1993 S57 十,PN 1993 S57 十,0,In_Order
IMG_1684.jpeg,PN 1993 S57 十,PN 1993 $7,0,In_Order
IMG_1684.jpeg,PN 1993 $7,PN 1993 S57 十,2,Out_of_Order
IMG_1684.jpeg,PN 1993 S57 十,PN 1993 S57 十,0,In_Order
IMG_1684.jpeg,PN 1993 S57 十,PN 1993 S57 +,0,In_Order
IMG_1684.jpeg,PN 1993 S57 +,PN 1993 $57,1,Duplicate
IMG_1684.jpeg,PN 1993 $57,PN 1993 S57,1,Duplicate
IMG_1684.jpeg,PN 1993 S57,PN 1993 S57+,1,Duplicate
IMG_1684.jpeg,PN 1993 S57+,PN 1993 S57 +,1,Duplicate
IMG_1686.jpeg,JV 9252 I33 ★,OLIN JV 9262 .S47 2006,0,In_Order
IMG_1686.jpeg,OLIN JV 9262 .S47 2006,JX A505+,2,Out_of_Order
IMG_1686.jpeg,JX A505+,JX 八 A505+,1,Duplicate
IMG_1686.jpeg,JX 八 A505+,JX A505+,1,Duplicate
IMG_1686.jpeg,JX A505+,JX 1 A505+,1,Duplicate
IMG_1686.jpeg,JX 1 A505+,JX 1 A505+,1,Duplicate
IMG_1686.jpeg,JX 1 A505+,JX 1 A505+,1,Duplicate
IMG_1686.jpeg,JX 1 A505+,JX 1 A505+,1,Duplicate
IMG_1686.jpeg,JX 1 A505+,JX 1 A505+,1,Duplicate
IMG_1688.jpeg,PR 6035 U874 C2 1989,PR 6035 U874C5,0,In_Order
IMG_1688.jpeg,PR 6035 U874C5,PR 6035 u874 E4 1900,2,Out_of_Order
IMG_1688.jpeg,PR 6035 u874 E4 1900,PR 60 3 U8 E9,0,In_Order
IMG_1688.jpeg,PR 60 3 U8 E9,PR 6035 U874 F2 c.2,2,Out_of_Order
IMG_1688.jpeg,PR 6035 U874 F2 c.2,P R 60 3 5 U 874 I 6,0,In_Order
IMG_1688.jpeg,P R 60 3 5 U 874 I 6,PR 6035 U874 L8 1988,0,In_Order
IMG_1688.jpeg,PR 6035 U874 L8 1988,PR 6035 8.74,0,In_Order
IMG_1688.jpeg,PR 6035 8.74,P 6 U 8 S6,0,In_Order
IMG_1689.jpeg,OLIN PR 6110 .0633 S4 2012,OLIN PR 6110 06346 E43 2013,0,In_Order
IMG_1689.jpeg,OLIN PR 6110 06346 E43 2013,OLIN PR 6110 .0636 F87 2021,0,In_Order
IMG_1689.jpeg,OLIN PR 6110 .0636 F87 2021,OLIN PR 6110 .06373 B95 2025,2,Out_of_Order
IMG_1689.jpeg,OLIN PR 6110 .06373 B95 2025,OLIN PR 6110 .0638 F3 2014,0,In_Order
IMG_1689.jpeg,OLIN PR 6110 .0638 F3 2014,OLIN PR 6110 .0638 088 2008,2,Out_of_Order
IMG_1689.jpeg,OLIN PR 6110 .0638 088 2008,OLIN PR 6110 .0638 S4 2009,0,In_Order
IMG_1689.jpeg,OLIN PR 6110 .0638 S4 2009,OLIN PR 6110 .0638 U5 2012,0,In_Order
IMG_1689.jpeg,OLIN PR 6110 .0638 U5 2012,OLIN PR 6110 .064 E37x 2001,0,In_Order
IMG_1689.jpeg,OLIN PR 6110 .064 E37x 2001,OLIN PR 6110 .064 W3X 2003,0,In_Order
IMG_1689.jpeg,OLIN PR 6110 .064 W3X 2003,OLIN PR 6110 .0642 G36 2018,0,In_Order
IMG_1689.jpeg,OLIN PR 6110 .0642 G36 2018,OLIN PR 6110 .0644 M6 2013,2,Out_of_Order
IMG_1689.jpeg,OLIN PR 6110 .0644 M6 2013,OLIN PR 6110 .0644 06 2008,2,Out_of_Order
IMG_1690.jpeg,OLIN PQ 1494 .F7 L35 2020,OLIN PQ 1494 .F7 M37 2024,0,In_Order
IMG_1690.jpeg,OLIN PQ 1494 .F7 M37 2024,PQ 1494 L2 1944,0,In_Order
IMG_1690.jpeg,PQ 1494 L2 1944,1494 L2 1959,0,In_Order
IMG_1690.jpeg,1494 L2 1959,PQ 1494 L2 1966,0,In_Order
IMG_1690.jpeg,PQ 1494 L2 1966,PQ 1494 L3 E5 1911 c.3,2,Out_of_Order
IMG_1690.jpeg,PQ 1494 L3 E5 1911 c.3,OLI PQ 1494 L3 E5 1978,2,Out_of_Order
IMG_1690.jpeg,OLI PQ 1494 L3 E5 1978,OLIN PQ 1494 .L3 E5 2007,0,In_Order
IMG_1690.jpeg,OLIN PQ 1494 .L3 E5 2007,OLIN PQ 1494 .L3 M33 1911 c.2,0,In_Order
IMG_1690.jpeg,OLIN PQ 1494 .L3 M33 1911 c.2,PQ 1494 L5 G835,0,In_Order
IMG_1691.jpeg,PC 1494 7 M53,OLIN PQ 1494 .L7 M55X 1996,0,In_Order
IMG_1691.jpeg,OLIN PQ 1494 .L7 M55X 1996,PQ 1494 L7 S57,0,In_Order
IMG_1691.jpeg,PQ 1494 L7 S57,OLIN PQ 1494 .P3 C97 1995,0,In_Order
IMG_1691.jpeg,OLIN PQ 1494 .P3 C97 1995,OLIN PQ 1494 .P3 E5 2019,0,In_Order
IMG_1691.jpeg,OLIN PQ 1494 .P3 E5 2019,OLIN PQ 1494 .P3 I8 2003,0,In_Order
IMG_1691.jpeg,OLIN PQ 1494 .P3 I8 2003,OLIN PQ 1494 .V54 E5 2006,0,In_Order
IMG_1691.jpeg,OLIN PQ 1494 .V54 E5 2006,OLIN PQ 1495 A44X 1999x,0,In_Order
IMG_1691.jpeg,OLIN PQ 1495 A44X 1999x,OLIN PQ 1495 .B53 2003,0,In_Order
IMG_1691.jpeg,OLIN PQ 1495 .B53 2003,PQ 495 C94,0,In_Order
IMG_1691.jpeg,PQ 495 C94,PQ 1495 C94,1,Duplicate
IMG_1691.jpeg,PQ 1495 C94,OLIN PQ 1495 .D65 2016,0,In_Order
IMG_1692.jpeg,"PR 9387 37 ,9 B41 Y8",OLIN PR 9387 .9 .C4 A6 2008,0,In_Order
IMG_1692.jpeg,OLIN PR 9387 .9 .C4 A6 2008,OLIN PR 9387 .9 .C67 E84 2014,2,Out_of_Order
IMG_1692.jpeg,OLIN PR 9387 .9 .C67 E84 2014,PR 9387 9 E18,0,In_Order
IMG_1692.jpeg,PR 9387 9 E18,OLIN PR 9387 .9 .E18 112 c.2,2,Out_of_Order
IMG_1692.jpeg,OLIN PR 9387 .9 .E18 112 c.2,OL IN PR 9387 9 E29,0,In_Order
IMG_1692.jpeg,OL IN PR 9387 9 E29,OLIN PR 9387 .9 E3222 P75,2,Out_of_Order
IMG_1692.jpeg,OLIN PR 9387 .9 E3222 P75,OLIN PR 9387 .9,0,In_Order
IMG_1693.jpeg,PQ 2281 A2 Ve 8,PQ 228 A2 9 V,0,In_Order
IMG_1693.jpeg,PQ 228 A2 9 V,PQ 2281 A2 10 V.,2,Out_of_Order
IMG_1693.jpeg,PQ 2281 A2 10 V.,PQ 2281 D2,0,In_Order
IMG_1693.jpeg,PQ 2281 D2,PQ 228! D2 2,0,In_Order
IMG_1693.jpeg,PQ 228! D2 2,PQ 2281 D2,2,Out_of_Order
IMG_1693.jpeg,PQ 2281 D2,PQ 22'81 D2 v.),1,Duplicate
IMG_1693.jpeg,PQ 22'81 D2 v.),PQ 228 D2 Y.6,0,In_Order
IMG_1693.jpeg,PQ 228 D2 Y.6,PQ 2281 D2 v.7,2,Out_of_Order
IMG_1694.jpeg,83,P 228 3 A 3 v. 8,2,Out_of_Order
IMG_1694.jpeg,P 228 3 A 3 v. 8,P 2283 A3 9 v.,0,In_Order
IMG_1694.jpeg,P 2283 A3 9 v.,P 2283 A 3 V. 10,2,Out_of_Order
IMG_1694.jpeg,P 2283 A 3 V. 10,PQ 2283 A3 v.1I,0,In_Order
IMG_1694.jpeg,PQ 2283 A3 v.1I,Pa 2283 A3 v.12,2,Out_of_Order
IMG_1694.jpeg,Pa 2283 A3 v.12,PQ 2283 A 3 v. 3,0,In_Order
IMG_1694.jpeg,PQ 2283 A 3 v. 3,PQ 2283 A3 V.14,0,In_Order
IMG_1694.jpeg,PQ 2283 A3 V.14,Pa 2283 A3 v.15,0,In_Order
IMG_1694.jpeg,Pa 2283 A3 v.15,P 22 2 A 3 V.16,0,In_Order
IMG_1695.jpeg,PS 409 K11 E2,PS 409 K11 L3,0,In_Order
IMG_1695.jpeg,PS 409 K11 L3,OLIN PS 409 .W56 2001,0,In_Order
IMG_1695.jpeg,OLIN PS 409 .W56 2001,PS 409 W87,0,In_Order
IMG_1695.jpeg,PS 409 W87,OLIN PS 416 .D54 2009,2,Out_of_Order
IMG_1695.jpeg,OLIN PS 416 .D54 2009,OLIN PS 416 .L48 2009,0,In_Order
IMG_1695.jpeg,OLIN PS 416 .L48 2009,OLIN PS 417 .D43X 1998,2,Out_of_Order
IMG_1695.jpeg,OLIN PS 417 .D43X 1998,OLIN PS 420 .B87x 2003,0,In_Order
IMG_1695.jpeg,OLIN PS 420 .B87x 2003,PS 426 G75,0,In_Order
IMG_1695.jpeg,PS 426 G75,PS 427 P34 1968,0,In_Order
IMG_1695.jpeg,PS 427 P34 1968,OLIN PS 427 .I5x 1997,2,Out_of_Order
IMG_1695.jpeg,OLIN PS 427 .I5x 1997,OLIN PS 428 .J87 2023,0,In_Order
IMG_1695.jpeg,OLIN PS 428 .J87 2023,OLIN PS 430 A49X 1994,0,In_Order
IMG_1696.jpeg,PQ 2293 B23 18820,PQ B27 1961,0,In_Order
IMG_1696.jpeg,PQ B27 1961,PQ 2293 B27 1967,0,In_Order
IMG_1696.jpeg,PQ 2293 B27 1967,PQ 2293 B27 VG,0,In_Order
IMG_1696.jpeg,PQ 2293 B27 VG,OLIN PQ 2293 .B56x 2001,2,Out_of_Order
IMG_1696.jpeg,OLIN PQ 2293 .B56x 2001,PQ 2293 B61,0,In_Order
IMG_1696.jpeg,PQ 2293 B61,Po 2293 B61 v.2,0,In_Order
IMG_1696.jpeg,Po 2293 B61 v.2,PQ 225 B6l v.3,0,In_Order
IMG_1696.jpeg,PQ 225 B6l v.3,PQ 2293 B61 r.4 1894,0,In_Order
IMG_1696.jpeg,PQ 2293 B61 r.4 1894,Theets,0,In_Order
IMG_1696.jpeg,Theets,Pa 2293 B89 v.!,2,Out_of_Order
IMG_1696.jpeg,Pa 2293 B89 v.!,PQ 2293 B89 v.2,0,In_Order
IMG_1696.jpeg,PQ 2293 B89 v.2,OLIN PQ 2293 .D43x 1995,0,In_Order
IMG_1697.jpeg,PQ 2288 A1 1961,PQVY 2288 A1 196 2 C,0,In_Order
IMG_1697.jpeg,PQVY 2288 A1 196 2 C,URIS PQ 2288 A3 1947,0,In_Order
IMG_1697.jpeg,URIS PQ 2288 A3 1947,URIS PQ 2288 A3 1993,0,In_Order
IMG_1697.jpeg,URIS PQ 2288 A3 1993,OLIN PQ 2288 A667 1961,2,Out_of_Order
IMG_1697.jpeg,OLIN PQ 2288 A667 1961,PQ 2289 07 1952,0,In_Order
IMG_1697.jpeg,PQ 2289 07 1952,PQ 2289 07 1952,1,Duplicate
IMG_1697.jpeg,PQ 2289 07 1952,PQ 80 Q3,0,In_Order
IMG_1697.jpeg,PQ 80 Q3,OLIN PQ 2289 .Q3 1963,2,Out_of_Order
IMG_1698.jpeg,OLIN PR 2965 S53 + V.76,OLIN PR 2965 .S53 + V.77,0,In_Order
IMG_1698.jpeg,OLIN PR 2965 .S53 + V.77,OLIN PR 2965 S53 + V 78,0,In_Order
IMG_1698.jpeg,OLIN PR 2965 S53 + V 78,OLIN PR 2965 S53 + 79 V,0,In_Order
IMG_1698.jpeg,OLIN PR 2965 S53 + 79 V,OLIN PR 2965 .S53 + 80 V,0,In_Order
IMG_1698.jpeg,OLIN PR 2965 .S53 + 80 V,OLIN PR 2965 .S53 + V.82,0,In_Order
IMG_1698.jpeg,OLIN PR 2965 .S53 + V.82,OLIN PR 2965 .S53 + V.83,0,In_Order
IMG_1698.jpeg,OLIN PR 2965 .S53 + V.83,OLIN PR 2965 .S53 + V.84,0,In_Order
IMG_1698.jpeg,OLIN PR 2965 .S53 + V.84,OLIN PR 2965 .S53 + V.85,0,In_Order
IMG_1698.jpeg,OLIN PR 2965 .S53 + V.85,OLIN PR 2965 .553 + V.86,0,In_Order
IMG_1698.jpeg,OLIN PR 2965 .553 + V.86,OLIN PR 2965 .S53 + V.87,0,In_Order
IMG_1698.jpeg,OLIN PR 2965 .S53 + V.87,OLIN PR 2965 .553 V.88,0,In_Order
IMG_1699.jpeg,PR 3186 A22+,3:pt.2,2,Out_of_Order
IMG_1699.jpeg,3:pt.2,PR 3186 A22+ V.4,2,Out_of_Order
IMG_1699.jpeg,PR 3186 A22+ V.4,PR Mo 9 1607,0,In_Order
IMG_1699.jpeg,PR Mo 9 1607,PR 3316 B5+ 1880,0,In_Order
IMG_1699.jpeg,PR 3316 B5+ 1880,PR 3316 B5+ 1880,1,Duplicate
IMG_1699.jpeg,PR 3316 B5+ 1880,PR 3326 B93+ 1927,0,In_Order
IMG_1699.jpeg,PR 3326 B93+ 1927,OLIN + PR 3330 .A2 B25 1905a,2,Out_of_Order
IMG_1699.jpeg,OLIN + PR 3330 .A2 B25 1905a,R 10 1881,2,Out_of_Order
IMG_1699.jpeg,R 10 1881,PR 3370 A1+ 1881,1,Duplicate
IMG_1699.jpeg,PR 3370 A1+ 1881,OLIN PIR 3383 1892,0,In_Order
IMG_1700.jpeg,OLIN PR 4036 P65 2008 +,PR 4036 W68,0,In_Order
IMG_1700.jpeg,PR 4036 W68,OLIN PR 4037 C65 2009 +,2,Out_of_Order
IMG_1700.jpeg,OLIN PR 4037 C65 2009 +,OLIN PR 4037 .J397 2017 +,0,In_Order
IMG_1700.jpeg,OLIN PR 4037 .J397 2017 +,OLIN + PR 4038 .E46 L36x 1996,2,Out_of_Order
IMG_1700.jpeg,OLIN + PR 4038 .E46 L36x 1996,PR 4049 B13 H5+ 1982,0,In_Order
IMG_1700.jpeg,PR 4049 B13 H5+ 1982,OLIN + PR 4057 .B2 A84X 1997,0,In_Order
IMG_1700.jpeg,OLIN + PR 4057 .B2 A84X 1997,OLIN PR 4074 .P3 2011 +,0,In_Order
IMG_1700.jpeg,OLIN PR 4074 .P3 2011 +,URIS PR 4074 .P44 1979 +,2,Out_of_Order
IMG_1700.jpeg,URIS PR 4074 .P44 1979 +,OLIN + PR 4074 P49 H25 1993,0,In_Order
IMG_1700.jpeg,OLIN + PR 4074 P49 H25 1993,OLIN PR 4089 .B45 U6 2022 +,2,Out_of_Order
IMG_1700.jpeg,OLIN PR 4089 .B45 U6 2022 +,PR 409 B46,0,In_Order
IMG_1700.jpeg,PR 409 B46,PR 4092 L48,0,In_Order
IMG_1700.jpeg,PR 4092 L48,OLI PR 414,0,In_Order
IMG_1701.jpeg,OLIN PR 5892 .N2 D35 2018 +,PR 5900 A1+ 1971 v.1,2,Out_of_Order
IMG_1701.jpeg,PR 5900 A1+ 1971 v.1,OLIN + PR 5906 .P54 1995,0,In_Order
IMG_1701.jpeg,OLIN + PR 5906 .P54 1995,PR 5906 T92+ 1976,0,In_Order
IMG_1701.jpeg,PR 5906 T92+ 1976,OLIN PR 5906 Y3 2006,0,In_Order
IMG_1701.jpeg,OLIN PR 5906 Y3 2006,+ PR 5908 I67 K47,2,Out_of_Order
IMG_1701.jpeg,+ PR 5908 I67 K47,PR 6001 U19 Z953,0,In_Order
IMG_1701.jpeg,PR 6001 U19 Z953,OLIN PR 6001 .U4 Z7518 2004 +,0,In_Order
IMG_1701.jpeg,OLIN PR 6001 .U4 Z7518 2004 +,OLIN PR 6003 .E282 Z5787X 1998 +,2,Out_of_Order
IMG_1701.jpeg,OLIN PR 6003 .E282 Z5787X 1998 +,OLIN PR 6003 .E282 Z62114 2010 +,0,In_Order
IMG_1701.jpeg,OLIN PR 6003 .E282 Z62114 2010 +,OLIN PR 6003 E282 Z6295 2014 +,0,In_Order
IMG_1702.jpeg,OLIN PS 3527 .1865 Z57 2023 +,PS 3529 L918 A17+ 1987,2,Out_of_Order
IMG_1702.jpeg,PS 3529 L918 A17+ 1987,PS 3529 L918 A67,0,In_Order
IMG_1702.jpeg,PS 3529 L918 A67,PS 3529 L918 H9+,0,In_Order
IMG_1702.jpeg,PS 3529 L918 H9+,PS 3529 L918 M41+,0,In_Order
IMG_1702.jpeg,PS 3529 L918 M41+,OLIN PS 3529 .L918 M42 + c.2,2,Out_of_Order
IMG_1702.jpeg,OLIN PS 3529 .L918 M42 + c.2,PS 3529 L918 M46+,0,In_Order
IMG_1702.jpeg,PS 3529 L918 M46+,PS 3529 N41 Z635+,0,In_Order
IMG_1703.jpeg,OLIN + PS 3523 .A67 A6 1995,OLIN + PS 3523 .A957 A6 1995,1,Duplicate
IMG_1703.jpeg,OLIN + PS 3523 .A957 A6 1995,OLIN + PS 3523 .E8754 A6 1996Z,0,In_Order
IMG_1703.jpeg,OLIN + PS 3523 .E8754 A6 1996Z,OLIN PS 3523 046 Z847 2016 +,2,Out_of_Order
IMG_1703.jpeg,OLIN PS 3523 046 Z847 2016 +,PS 3523 0745 Z543+ 1975,0,In_Order
IMG_1703.jpeg,PS 3523 0745 Z543+ 1975,OLIN PS 3523 .0833 A6 2018 +,0,In_Order
IMG_1703.jpeg,OLIN PS 3523 .0833 A6 2018 +,OLIN PS 3523 .0833 A6 2019 +,0,In_Order
IMG_1703.jpeg,OLIN PS 3523 .0833 A6 2019 +,PS 3523 0945 T6+,0,In_Order
IMG_1703.jpeg,PS 3523 0945 T6+,OLIN PS 3523 .0975 Z68 2018 +,0,In_Order
IMG_1703.jpeg,OLIN PS 3523 .0975 Z68 2018 +,PS 3525 A153 A19+ 1974,2,Out_of_Order
IMG_1704.jpeg,PQ 1237 B3 L14 1968,C6 R39,0,In_Order
IMG_1704.jpeg,C6 R39,OLIN PQ 1237 .F2 F33z 1997,0,In_Order
IMG_1704.jpeg,OLIN PQ 1237 .F2 F33z 1997,PQ 1237 F2 M11 1970,0,In_Order
IMG_1704.jpeg,PQ 1237 F2 M11 1970,PQ 12 37 F6 T37 1983,0,In_Order
IMG_1704.jpeg,PQ 12 37 F6 T37 1983,PQ 1240 E5 B46,0,In_Order
IMG_1704.jpeg,PQ 1240 E5 B46,PQ 1240 E5 B46 1966,1,Duplicate
IMG_1704.jpeg,PQ 1240 E5 B46 1966,PQ 1240 E5 F77,0,In_Order
IMG_1704.jpeg,PQ 1240 E5 F77,山 HILL AND WANG,0,In_Order
IMG_1704.jpeg,山 HILL AND WANG,2 40 三 5 H 4 一,2,Out_of_Order
IMG_1705.jpeg,PQ 1227 S87,OLSCHKI OLIN PQ 1227 .T63 2020 v.1,2,Out_of_Order
IMG_1705.jpeg,OLSCHKI OLIN PQ 1227 .T63 2020 v.1,PQ 1229 F77C7,2,Out_of_Order
IMG_1705.jpeg,PQ 1229 F77C7,PQ 1229 F77C7,1,Duplicate
IMG_1705.jpeg,PQ 1229 F77C7,PQ 1229 F77P4,0,In_Order
IMG_1705.jpeg,PQ 1229 F77P4,PG 1229 F77P4,1,Duplicate
IMG_1705.jpeg,PG 1229 F77P4,12 8 一,0,In_Order
IMG_1705.jpeg,12 8 一,1229 F 7 78 873,2,Out_of_Order
IMG_1705.jpeg,1229 F 7 78 873,PQ 1229 S57,0,In_Order
IMG_1707.jpeg,OLIN PQ 2436 .A641 v.15 2016,OLIN PQ 2436 .A641 v.16 2017,0,In_Order
IMG_1707.jpeg,OLIN PQ 2436 .A641 v.16 2017,OLIN PQ 2436 .A641 V.17 2018,0,In_Order
IMG_1707.jpeg,OLIN PQ 2436 .A641 V.17 2018,OLIN PQ 2436 .B457 2010,0,In_Order
IMG_1707.jpeg,OLIN PQ 2436 .B457 2010,C25 19,0,In_Order
IMG_1707.jpeg,C25 19,PQ 2436 C48 S3,0,In_Order
IMG_1707.jpeg,PQ 2436 C48 S3,PQ 2436 C79,0,In_Order
IMG_1707.jpeg,PQ 2436 C79,OLIN PQ 2436 C823 2010,0,In_Order
IMG_1707.jpeg,OLIN PQ 2436 C823 2010,PQ 2436 D55,0,In_Order
IMG_1708.jpeg,P Q 24 3 46 1888,36,0,In_Order
IMG_1708.jpeg,36,OLIN PQ 2436 .A2 V4x 1998,2,Out_of_Order
IMG_1708.jpeg,OLIN PQ 2436 .A2 V4x 1998,OLIN PQ 2436 .A2 V444X 2001,2,Out_of_Order
IMG_1708.jpeg,OLIN PQ 2436 .A2 V444X 2001,P Q 24 36 A 2 √ 6 9 23,2,Out_of_Order
IMG_1708.jpeg,P Q 24 36 A 2 √ 6 9 23,PQ 2436 A2V6 1923 c.2,0,In_Order
IMG_1708.jpeg,PQ 2436 A2V6 1923 c.2,PQ 2436 A2 V6 1961,0,In_Order
IMG_1708.jpeg,PQ 2436 A2 V6 1961,PO 2436 A2 V61 1958,2,Out_of_Order
IMG_1708.jpeg,PO 2436 A2 V61 1958,PQ 2436 A2 V62,0,In_Order
IMG_1708.jpeg,PQ 2436 A2 V62,PQ 2436 A46,0,In_Order
IMG_1708.jpeg,PQ 2436 A46,PQ 2436 A46 S8,0,In_Order
IMG_1709.jpeg,PQ 2425 Z5 A79 1967,OLIN PQ 2425 Z5 E84 2016,0,In_Order
IMG_1709.jpeg,OLIN PQ 2425 Z5 E84 2016,PQ 2425 Z5 K82,0,In_Order
IMG_1709.jpeg,PQ 2425 Z5 K82,OLIN PQ 2425 .Z5 Y66X 2000,0,In_Order
IMG_1709.jpeg,OLIN PQ 2425 .Z5 Y66X 2000,OLIN PQ 2427 S3 R43 2004,2,Out_of_Order
IMG_1709.jpeg,OLIN PQ 2427 S3 R43 2004,PQ 2427 S47 A6 1968,2,Out_of_Order
IMG_1709.jpeg,PQ 2427 S47 A6 1968,OLIN PQ 2427 .S5 B47 2011,0,In_Order
IMG_1709.jpeg,OLIN PQ 2427 .S5 B47 2011,PQ 2427 S5 E67,0,In_Order
IMG_1709.jpeg,PQ 2427 S5 E67,PQ 2427 S5 G92,0,In_Order
IMG_1709.jpeg,PQ 2427 S5 G92,OLIN PQ 2427 .S5 H49 2011,2,Out_of_Order
IMG_1709.jpeg,OLIN PQ 2427 .S5 H49 2011,OLIN PQ 2427 .S5 L44 2011,1,Duplicate
IMG_1709.jpeg,OLIN PQ 2427 .S5 L44 2011,OLIN 白 PQ 2427 .S5 S77 1995z,0,In_Order
IMG_1709.jpeg,OLIN 白 PQ 2427 .S5 S77 1995z,OLIN PQ 2427 .S5 Z75x 1999,0,In_Order
IMG_1709.jpeg,OLIN PQ 2427 .S5 Z75x 1999,OLIN PQ 2427 .S5 Z7x 1999,1,Duplicate
